PRAGMA foreign_keys=OFF;
BEGIN TRANSACTION;
CREATE TABLE IF NOT EXISTS `auth_accounts` (
	`id` text PRIMARY KEY NOT NULL,
	`account_id` text NOT NULL,
	`provider_id` text NOT NULL,
	`user_id` text NOT NULL,
	`access_token` text,
	`refresh_token` text,
	`id_token` text,
	`access_token_expires_at` integer,
	`refresh_token_expires_at` integer,
	`scope` text,
	`password` text,
	`created_at` integer NOT NULL,
	`updated_at` integer NOT NULL,
	FOREIGN KEY (`user_id`) REFERENCES `auth_users`(`id`) ON UPDATE no action ON DELETE cascade
);
INSERT INTO auth_accounts VALUES('ZkNs7j8miUFixwj4MYuNK6SRs2kB2Bra','702181519061549118','discord','Zx5RuJr7lP4T81SNFhtkGPntB2U56f8M','MTQ2MTMyMDMyNjEwNDIyMzg0OA.4fBZu4q1CorQj3g3Ch7Hy446RiiywW','j9i56D49k5UimW4DkGh5bVUUXsRF7a',NULL,1769422138,NULL,'identify,email',NULL,1768805051,1768817339);
INSERT INTO auth_accounts VALUES('p0a9bACMC1Say5jFSsM62SaZL1redP93','1135507050135302244','discord','31DTSGBBlQAeFU2Fz9d8odUnhQ2RrvRw','MTQ2MTMyMDMyNjEwNDIyMzg0OA.UTtr7XKI65h1OOcSx9bDSiwwGkT83f','ZOXMsWjdWMPpcLB9dpMtuofvtb9dE8',NULL,1769495958,NULL,'email,identify',NULL,1768818083,1768891159);
INSERT INTO auth_accounts VALUES('mErU4X60qlmCT3YrWEXErnJf8iqLoMxl','1081859160678871080','discord','JhcYJHJyrPMYE6FLNNoy8BUq1rgPi1Bm','MTQ2MTMyMDMyNjEwNDIyMzg0OA.07qExnDSdZQjUTjuqHRSV4wDuTUHuF','fiCOBoGZakgYiOiWCw2E3qZbPozlN4',NULL,1769439364,NULL,'email,identify',NULL,1768818203,1768834565);
INSERT INTO auth_accounts VALUES('UZCTiuHGsrfkXGa63m2N2S3azPOwOb3S','1131191977522761869','discord','7epOBKNSOXYZGc2gTEAzPtLZaU3r6pL8','MTQ2MTMyMDMyNjEwNDIyMzg0OA.2BlWT0ZrshbT32oquHNBoxWsGmzasl','MV2yoErOvg0PRRPkcwAonvneBUn0Yd',NULL,1769424393,NULL,'email,identify',NULL,1768818658,1768819594);
INSERT INTO auth_accounts VALUES('cHkBECju2uWyCB59jIUJwNQkfdbZWUGZ','1274268679680426045','discord','PmQCQqx79HFlyOOJpnkOQbjeopPhlXeM','MTQ2MTMyMDMyNjEwNDIyMzg0OA.nTO0ldqlBqp1ELI4HzhGQqeJ7vYrVV','o1EkC2xwEM6NdsQb0v2RVA6q6ZEDOP',NULL,1769423901,NULL,'email,identify',NULL,1768819101,1768819101);
INSERT INTO auth_accounts VALUES('BqJojkb4ZetS9uqc6TujT98fIqIl10Ro','1292765824054202390','discord','TfdSljnDfUdGSvGytmKBLQfV5dLHreb2','MTQ2MTMyMDMyNjEwNDIyMzg0OA.sy9Mjjkn9P6Qg8rWJ5L8RnEXfa4rMD','CF09WpfIHtWAKGdxHN3nz8loPSY3Mj',NULL,1769424261,NULL,'email,identify',NULL,1768819461,1768819461);
INSERT INTO auth_accounts VALUES('DcI3jEQ7o2MduiHOUDYMkWAveh2aUQru','1193841212545830983','discord','iDRAOtCGWEsqyGBsQBSWHoo9OvtTMm9o','MTQ2MTMyMDMyNjEwNDIyMzg0OA.AjG7x4BKbESdgJlXjjY1mce7PxaaFb','83aNZPxDzDu37U7HTx9NQcxdS0ZzQC',NULL,1769425266,NULL,'identify,email',NULL,1768820467,1768820467);
INSERT INTO auth_accounts VALUES('2OWUtGpf3IKx3rV42Gf2tsYZQkpTd6NH','1338758928884043786','discord','T4JvOVl6Eauqb5nSaHvgof1QhNqgZa0S','MTQ2MTMyMDMyNjEwNDIyMzg0OA.I7OtsXoxJjPQbXIukVTjrqwpVeAJwL','ajrX2rKfVlZ3vQsSgpsCjldrSk3wz4',NULL,1769427396,NULL,'identify,email',NULL,1768822597,1768822597);
INSERT INTO auth_accounts VALUES('REogJvVcN6tf5lyR4yPadW6HY1GqZnme','926865299419045948','discord','zIDsPnkU5ECj7KwgYq6bRekgSJNUQ9Vp','MTQ2MTMyMDMyNjEwNDIyMzg0OA.YPuk9SOkxiPFSf9dGjv5mYbVsg4EVp','zsDiWfyFRRegI7jlfQNFvZUZswg6NE',NULL,1769427586,NULL,'email,identify',NULL,1768822786,1768822786);
INSERT INTO auth_accounts VALUES('oIIRUs5w6vFHueBRhJPwu0Z4r5iMhM5b','1215184964077752321','discord','eDjJxogwFnpKXZHuidaMKGOw1qMLJcpr','MTQ2MTMyMDMyNjEwNDIyMzg0OA.eBvFMPe9yc6L9lA9naKOVg4Rbrf20W','Kk2QdMQWV65Li3pVKeqfqomh3qpw2d',NULL,1769429047,NULL,'identify,email',NULL,1768824248,1768824248);
INSERT INTO auth_accounts VALUES('cwQB1MFBFHMrH59h35eymb4ozAa0ybwU','1225651763290570785','discord','pSih64olzkroTGDJMgnv9CiOBvHvraIG','MTQ2MTMyMDMyNjEwNDIyMzg0OA.X5i4BuYij1VYU40RAmapP91aIkxxoD','UwkGBIIRBETuiWFLKwjmqrbr2rk3Pi',NULL,1769436948,NULL,'email,identify',NULL,1768832149,1768832149);
INSERT INTO auth_accounts VALUES('fo54JXLVE9JUQX4tlZFnkCSbwHpjn7I2','921013361611784214','discord','JIxl0z5BhORRT369b1RgmDtGoXCcbNpX','MTQ2MTMyMDMyNjEwNDIyMzg0OA.pWHECeVPiDHRrvytI1FCq8kWKcm2nW','iN4LqtImsU4kTQzXKuM7G0q2IFEBP1',NULL,1769440499,NULL,'email,identify',NULL,1768835700,1768835700);
INSERT INTO auth_accounts VALUES('23ikWuzdemyCAV0pg934rthE8UIHmt3C','860719559606927400','discord','2k2RzWd7fF4CsxlnVTbbiDtl3Dp8KuaB','MTQ2MTMyMDMyNjEwNDIyMzg0OA.6yo2oaI4eaScg3IqspowuokBaTu4qo','INBzWMyQ7E3nFhDZXTgUPpZG0IUVlt',NULL,1769517174,NULL,'identify,email',NULL,1768912374,1768912374);
INSERT INTO auth_accounts VALUES('gaICbt6RCKN4ZwQRHa619fZ5T3mEpdpV','1236506004028526616','discord','3xWuP3q5n9r3Wiijgeh9cqcNIwZtaq6q','MTQ2MTMyMDMyNjEwNDIyMzg0OA.YuXuP6EeOkVP3LPMJQd9vUldad67Wi','dBlzmm1jSF06kv1W4yJJ1neHB4vp7x',NULL,1769517967,NULL,'email,identify',NULL,1768913168,1768913168);
CREATE TABLE IF NOT EXISTS `auth_sessions` (
	`id` text PRIMARY KEY NOT NULL,
	`expires_at` integer NOT NULL,
	`token` text NOT NULL,
	`ip_address` text,
	`user_agent` text,
	`user_id` text NOT NULL,
	`created_at` integer NOT NULL,
	`updated_at` integer NOT NULL,
	FOREIGN KEY (`user_id`) REFERENCES `auth_users`(`id`) ON UPDATE no action ON DELETE cascade
);
INSERT INTO auth_sessions VALUES('AwFRZZY8kDSMwQljgP3GX2ohjdZ3daC5',1769409851,'Exk44HdPISfwPbrJ3w7983ED7XmW3Fg7','127.0.0.1','Mozilla/5.0 (X11; Linux x86_64; rv:146.0) Gecko/20100101 Firefox/146.0','Zx5RuJr7lP4T81SNFhtkGPntB2U56f8M',1768805051,1768805051);
INSERT INTO auth_sessions VALUES('Akcx5ajDOcFbpAJMK8lafTY6EY8zaTRM',1769411398,'S1mSAJOCffrU7EgOj5j2Ge2nXlR8UWUM','221.12.254.10','Mozilla/5.0 (X11; Linux x86_64; rv:146.0) Gecko/20100101 Firefox/146.0','Zx5RuJr7lP4T81SNFhtkGPntB2U56f8M',1768806598,1768806598);
INSERT INTO auth_sessions VALUES('Nnw7PG9axEqd6Vtos0jl9HJg2C3PWSIo',1769422139,'L36nEdLCOBSPZxDTYjTnXfFPWGDooAXC','221.12.254.10','Mozilla/5.0 (X11; Linux x86_64; rv:146.0) Gecko/20100101 Firefox/146.0','Zx5RuJr7lP4T81SNFhtkGPntB2U56f8M',1768817339,1768817339);
INSERT INTO auth_sessions VALUES('wxdBWljFUHfmxzYwbzL89JkOiiFvlykt',1769510714,'yM67DAl8IXWdH5fAnfRsb9sDO3jKMCu9','180.16.35.0','Mozilla/5.0 (iPhone; CPU iPhone OS 18_7 like Mac OS X) AppleWebKit/605.1.15 (KHTML, like Gecko) Version/26.1 Mobile/15E148 Safari/604.1','31DTSGBBlQAeFU2Fz9d8odUnhQ2RrvRw',1768818084,1768905914);
INSERT INTO auth_sessions VALUES('GlJr0KGejsvSvM9dD82FeZ79amI8KZKf',1769423003,'T8re4lJCZmZ4dnGQUVPKsilY4HXadq6I','115.124.53.176','Mozilla/5.0 (iPhone; CPU iPhone OS 18_6_2 like Mac OS X) AppleWebKit/605.1.15 (KHTML, like Gecko) Version/18.6 Mobile/15E148 Safari/604.1','JhcYJHJyrPMYE6FLNNoy8BUq1rgPi1Bm',1768818203,1768818203);
INSERT INTO auth_sessions VALUES('N4C8BXexlpkP3ri2MelTfUvb0K80CXoh',1769513375,'bahJYgfJcuB5clz39ktRQisgdltQ24ei','138.64.200.161','Mozilla/5.0 (Linux; Android 10; K) AppleWebKit/537.36 (KHTML, like Gecko) Chrome/143.0.0.0 Mobile Safari/537.36','7epOBKNSOXYZGc2gTEAzPtLZaU3r6pL8',1768818659,1768908575);
INSERT INTO auth_sessions VALUES('wUoINysmSHttAK1h33S2zeE8i0nh63X9',1769423902,'NSW8u8bc2irxcRJiQQs2W6LBoicSs5qg','182.165.72.59','Mozilla/5.0 (Windows NT 10.0; Win64; x64) AppleWebKit/537.36 (KHTML, like Gecko) Chrome/143.0.0.0 Safari/537.36','PmQCQqx79HFlyOOJpnkOQbjeopPhlXeM',1768819102,1768819102);
INSERT INTO auth_sessions VALUES('9fsmwIAYz9Jmb1HVyyhWdZJGEUzb1Lci',1769424262,'9zJCORg7q7hVsEm6eI63YNfjvrVs3FeO','39.111.79.47','Mozilla/5.0 (Windows NT 10.0; Win64; x64) AppleWebKit/537.36 (KHTML, like Gecko) Chrome/143.0.0.0 Safari/537.36','TfdSljnDfUdGSvGytmKBLQfV5dLHreb2',1768819462,1768819462);
INSERT INTO auth_sessions VALUES('zYqtHdmQFWvK29yByBfxLaHIHmOX7Qxi',1769424394,'dWXwWQZAFj1oXQKVo8in8Ve3XrPAMTfe','138.64.200.161','Mozilla/5.0 (Windows NT 10.0; Win64; x64) AppleWebKit/537.36 (KHTML, like Gecko) Chrome/144.0.0.0 Safari/537.36 Edg/144.0.0.0','7epOBKNSOXYZGc2gTEAzPtLZaU3r6pL8',1768819594,1768819594);
INSERT INTO auth_sessions VALUES('tvDoprwCTsift4iznoo5d4meDoGSpknw',1769425267,'QjUiyxbEtBRfgbe7mUF34NLmgb4Ca5NM','106.73.21.2','Mozilla/5.0 (Macintosh; Intel Mac OS X 10_15_7) AppleWebKit/605.1.15 (KHTML, like Gecko) Version/18.6 Safari/605.1.15','iDRAOtCGWEsqyGBsQBSWHoo9OvtTMm9o',1768820467,1768820467);
INSERT INTO auth_sessions VALUES('OLohhSqh4h1OLIX3OZvJvKkYauZQuY1I',1769515220,'10gc9wNpi0nzsLLkXt8szfV4QNimmAix','14.9.120.192','Mozilla/5.0 (Windows NT 10.0; Win64; x64) AppleWebKit/537.36 (KHTML, like Gecko) Chrome/141.0.0.0 Safari/537.36 OPR/125.0.0.0 (Edition GX-CN)','T4JvOVl6Eauqb5nSaHvgof1QhNqgZa0S',1768822597,1768910420);
INSERT INTO auth_sessions VALUES('bPIhHeoO9uXfIMLNek4SEJKtPYPFrQBG',1769427586,'xtEsVIFqnxYzKdEBwymGtTMShmbrlR1p','175.129.172.137','Mozilla/5.0 (iPhone; CPU iPhone OS 18_7 like Mac OS X) AppleWebKit/605.1.15 (KHTML, like Gecko) Version/26.2 Mobile/15E148 Safari/604.1','zIDsPnkU5ECj7KwgYq6bRekgSJNUQ9Vp',1768822786,1768822786);
INSERT INTO auth_sessions VALUES('8A7bO6N1wJZuaj4aVOHw3h1K1XyMpA3h',1769429048,'8qawMfAYnZ0ZIN7ZpRlHphIHQ05jD1nw','106.72.255.41','Mozilla/5.0 (Windows NT 10.0; Win64; x64) AppleWebKit/537.36 (KHTML, like Gecko) Chrome/144.0.0.0 Safari/537.36 Edg/144.0.0.0','eDjJxogwFnpKXZHuidaMKGOw1qMLJcpr',1768824248,1768824248);
INSERT INTO auth_sessions VALUES('dnIyCAJL08tgpTF7VuhpkBHD9kCIqecA',1769436949,'lo5kEVyBUXj1lxfTYNG4RDGNIH0HYFwi','125.9.202.95','Mozilla/5.0 (Linux; Android 10; K) AppleWebKit/537.36 (KHTML, like Gecko) Chrome/143.0.0.0 Mobile Safari/537.36','pSih64olzkroTGDJMgnv9CiOBvHvraIG',1768832149,1768832149);
INSERT INTO auth_sessions VALUES('luW9fyy3HS9TFSXtyGajzcaXSy2Dym5x',1769439365,'X7Pfm8c9qWOhISqKwYqjwaSfO9gRuMzt','115.124.53.176','Mozilla/5.0 (iPhone; CPU iPhone OS 18_6_2 like Mac OS X) AppleWebKit/605.1.15 (KHTML, like Gecko) Version/18.6 Mobile/15E148 Safari/604.1','JhcYJHJyrPMYE6FLNNoy8BUq1rgPi1Bm',1768834565,1768834565);
INSERT INTO auth_sessions VALUES('Jsgz2REFcfLg58C8zeLMLzyYi7IPORhG',1769440500,'GvLIOxU61paytferZca2Ozt2ZrMBON1e','37.34.79.249','Mozilla/5.0 (Macintosh; Intel Mac OS X 10_15_7) AppleWebKit/537.36 (KHTML, like Gecko) Chrome/142.0.0.0 Safari/537.36','JIxl0z5BhORRT369b1RgmDtGoXCcbNpX',1768835700,1768835700);
INSERT INTO auth_sessions VALUES('Q6ZEQhMkyVxySHMcerIGOmOwSRc5aWv6',1769495959,'HPsCRewqNI0EFgkh1ZqAMFgya1ZFCNuX','180.16.35.0','Mozilla/5.0 (Windows NT 10.0; Win64; x64) AppleWebKit/537.36 (KHTML, like Gecko) Chrome/144.0.0.0 Safari/537.36','31DTSGBBlQAeFU2Fz9d8odUnhQ2RrvRw',1768891159,1768891159);
INSERT INTO auth_sessions VALUES('LXV64SIxtaxT65BkBr7JOQ0j5sGhqSQZ',1769517174,'t6i1QqmTj0MF3KXozKX8LLImBzWQPwJC','133.201.255.0','Mozilla/5.0 (Windows NT 10.0; Win64; x64) AppleWebKit/537.36 (KHTML, like Gecko) Chrome/144.0.0.0 Safari/537.36','2k2RzWd7fF4CsxlnVTbbiDtl3Dp8KuaB',1768912374,1768912374);
INSERT INTO auth_sessions VALUES('svdTutQa09JgWYQoFXlckgDc6smQTnx9',1769517968,'0FEDcRQoEVsU9heUmHLpQI7ZosbJJT4Z','111.102.193.161','Mozilla/5.0 (Windows NT 10.0; Win64; x64) AppleWebKit/537.36 (KHTML, like Gecko) Chrome/144.0.0.0 Safari/537.36 Edg/144.0.0.0','3xWuP3q5n9r3Wiijgeh9cqcNIwZtaq6q',1768913168,1768913168);
CREATE TABLE IF NOT EXISTS `auth_users` (
	`id` text PRIMARY KEY NOT NULL,
	`name` text,
	`email` text,
	`email_verified` integer,
	`image` text,
	`created_at` integer NOT NULL,
	`updated_at` integer NOT NULL
);
INSERT INTO auth_users VALUES('Zx5RuJr7lP4T81SNFhtkGPntB2U56f8M','ばふ','yuanqiwei71@gmail.com',1,'https://cdn.discordapp.com/avatars/702181519061549118/326181b74e8528814b19dfa2f7740864.png',1768805051,1768805051);
INSERT INTO auth_users VALUES('31DTSGBBlQAeFU2Fz9d8odUnhQ2RrvRw','GON fox','g.kzgongonbetsuaka@gmail.com',1,'https://cdn.discordapp.com/avatars/1135507050135302244/dddbc997562af678adeae37dc8a6d1aa.png',1768818083,1768818083);
INSERT INTO auth_users VALUES('JhcYJHJyrPMYE6FLNNoy8BUq1rgPi1Bm','しらはせ','7ru3desu@gmail.com',1,'https://cdn.discordapp.com/avatars/1081859160678871080/8111cb7b808ca00e2d54ab280d419eb5.png',1768818203,1768818203);
INSERT INTO auth_users VALUES('7epOBKNSOXYZGc2gTEAzPtLZaU3r6pL8','nalkun_','kota0105kota@gmail.com',1,'https://cdn.discordapp.com/avatars/1131191977522761869/8e6cf905727cf624a5a31bee62c94746.png',1768818658,1768818658);
INSERT INTO auth_users VALUES('PmQCQqx79HFlyOOJpnkOQbjeopPhlXeM','dorayaki','dorayakirta@gmail.com',1,'https://cdn.discordapp.com/avatars/1274268679680426045/3231a0ae970b13fd77cfd2c8e6ccecb9.png',1768819101,1768819101);
INSERT INTO auth_users VALUES('TfdSljnDfUdGSvGytmKBLQfV5dLHreb2','ぽんきち','pandajun750@gmail.com',1,'https://cdn.discordapp.com/embed/avatars/2.png',1768819461,1768819461);
INSERT INTO auth_users VALUES('iDRAOtCGWEsqyGBsQBSWHoo9OvtTMm9o','まっちゃ','masa.masa.masa_1003@icloud.com',1,'https://cdn.discordapp.com/avatars/1193841212545830983/7ae6674fa177861e948b1cef2cd49367.png',1768820466,1768820466);
INSERT INTO auth_users VALUES('T4JvOVl6Eauqb5nSaHvgof1QhNqgZa0S','あつ','tsw6584@gmail.com',1,'https://cdn.discordapp.com/avatars/1338758928884043786/986b6e5304e70bb80a8996bc38dbfd10.png',1768822597,1768822597);
INSERT INTO auth_users VALUES('zIDsPnkU5ECj7KwgYq6bRekgSJNUQ9Vp','親ニワトリ🐔','pj.oc.prac+mcrtabot@gmail.com',1,'https://cdn.discordapp.com/avatars/926865299419045948/05794e60c5f44598700d7adf6c129261.png',1768822786,1768822786);
INSERT INTO auth_users VALUES('eDjJxogwFnpKXZHuidaMKGOw1qMLJcpr','フォコ','akiaki.hoshi0725@gmail.com',1,'https://cdn.discordapp.com/avatars/1215184964077752321/09ecfb946b4f35cc34e48091afa0f80e.png',1768824248,1768824248);
INSERT INTO auth_users VALUES('pSih64olzkroTGDJMgnv9CiOBvHvraIG','ツバキ','eito.ina.tigers@gmail.com',1,'https://cdn.discordapp.com/avatars/1225651763290570785/b00e652ef4876bd1e55ee5a4f59e67df.png',1768832149,1768832149);
INSERT INTO auth_users VALUES('JIxl0z5BhORRT369b1RgmDtGoXCcbNpX','さぁもん','samon08041210@gmail.com',1,'https://cdn.discordapp.com/avatars/921013361611784214/9f84904368c5bd7b4adb8a04a813a3b0.png',1768835700,1768835700);
INSERT INTO auth_users VALUES('2k2RzWd7fF4CsxlnVTbbiDtl3Dp8KuaB','あかいろ','yuukijuejian37@gmail.com',1,'https://cdn.discordapp.com/avatars/860719559606927400/6f3312a6fd54460490f4f4673adf6aca.png',1768912374,1768912374);
INSERT INTO auth_users VALUES('3xWuP3q5n9r3Wiijgeh9cqcNIwZtaq6q','KO2395','4shida5sei@gmail.com',1,'https://cdn.discordapp.com/avatars/1236506004028526616/00859d706e8f67ccfd645f1276c05e6a.png',1768913168,1768913168);
CREATE TABLE IF NOT EXISTS `auth_verifications` (
	`id` text PRIMARY KEY NOT NULL,
	`identifier` text NOT NULL,
	`value` text NOT NULL,
	`expires_at` integer NOT NULL,
	`created_at` integer NOT NULL,
	`updated_at` integer NOT NULL
);
CREATE TABLE IF NOT EXISTS `category_records` (
	`id` text PRIMARY KEY NOT NULL,
	`user_id` text NOT NULL,
	`category` text NOT NULL,
	`category_display_name` text NOT NULL,
	`subcategory` text,
	`version` text,
	`record_type` text NOT NULL,
	`personal_best` integer,
	`pb_date` integer,
	`pb_video_url` text,
	`pb_notes` text,
	`target_time` integer,
	`target_deadline` integer,
	`target_notes` text,
	`achieved` integer DEFAULT false NOT NULL,
	`achieved_at` integer,
	`is_visible` integer DEFAULT true NOT NULL,
	`display_order` integer DEFAULT 0 NOT NULL,
	`created_at` integer NOT NULL,
	`updated_at` integer NOT NULL,
	FOREIGN KEY (`user_id`) REFERENCES `users`(`id`) ON UPDATE no action ON DELETE cascade
);
INSERT INTO category_records VALUES('zwlqkermnar2hg7988wgw3bp','m7rwiysh0olayep1o7kp6fxj','rsg_any','RSG Any%',NULL,NULL,'custom',1194373,NULL,'https://youtu.be/jxBoKQs4Jqs?si=Iq-zL5_7Wmc0AGAL',NULL,NULL,NULL,NULL,0,NULL,1,0,1768825092,1768825092);
CREATE TABLE IF NOT EXISTS `config_history` (
	`id` text PRIMARY KEY NOT NULL,
	`user_id` text NOT NULL,
	`change_type` text NOT NULL,
	`change_description` text NOT NULL,
	`previous_data` text,
	`new_data` text,
	`preset_id` text,
	`created_at` integer NOT NULL,
	FOREIGN KEY (`user_id`) REFERENCES `users`(`id`) ON UPDATE no action ON DELETE cascade,
	FOREIGN KEY (`preset_id`) REFERENCES `config_presets`(`id`) ON UPDATE no action ON DELETE set null
);
INSERT INTO config_history VALUES('zzt5t39ytggdnq8azt9k4de8','q5kktc9y6u1cy5t1f9w7iw7r','preset_switch','プリセット「初期設定 (2026/01/19)」を初期設定として作成',NULL,NULL,'l304l2kz61yngyy3zrrgru1n',1768806638);
INSERT INTO config_history VALUES('vmkg34pebvmocqnnno3uzbrd','tdff58o2xsaquvdu40fqbbm9','preset_switch','プリセット「初期設定 (2026/01/19)」を初期設定として作成',NULL,NULL,'m9pxownvgj8co96nt4t6bj8g',1768818124);
INSERT INTO config_history VALUES('h6c69t0x5jtz5yt0tq9vxa9q','x9kgx3mc9sjeyedyn32htky4','preset_switch','プリセット「初期設定 (2026/01/19)」を初期設定として作成',NULL,NULL,'fttaxkqjvn5ikwb2bsxjjszp',1768818238);
INSERT INTO config_history VALUES('gx8w61puvs2bu9bfrcr2zldu','x436wo1dxmk5o2rxcwblmbad','preset_switch','プリセット「初期設定 (2026/01/19)」を初期設定として作成',NULL,NULL,'iaxs77ndfcsrby3yn0ltesnz',1768818699);
INSERT INTO config_history VALUES('jkxz4ht3dxvlh3qvh4keusdr','tdff58o2xsaquvdu40fqbbm9','keybinding','リマップ・指割り当てを更新',NULL,'{"keybindings":null,"remaps":"[{\"id\":\"bqycosqt8bsd7tarioncts48\",\"sourceKey\":\"CapsLock\",\"targetKey\":\"RShift\",\"software\":null,\"notes\":null},{\"id\":\"rbv10ls694prticog55t50fv\",\"sourceKey\":\"KeyQ\",\"targetKey\":\"O\",\"software\":null,\"notes\":null},{\"id\":\"ao1ii2ghfgnf2daval4pmliz\",\"sourceKey\":\"ShiftRight\",\"targetKey\":\"CapsLock\",\"software\":null,\"notes\":null,\"_delete\":true}]","fingerAssignments":"{}"}',NULL,1768818721);
INSERT INTO config_history VALUES('uc32gt2zcaumrnvoteuznpfv','bhq8datetxb7kk74tvjnyvxc','preset_switch','プリセット「初期設定 (2026/01/19)」を初期設定として作成',NULL,NULL,'sqd3qk9bosfq8muqocdkt65r',1768819133);
INSERT INTO config_history VALUES('v9c1ip59sn5sr2mruu5wla7s','q5oraqnc78vo0idzajgllpb9','preset_switch','プリセット「初期設定 (2026/01/19)」を初期設定として作成',NULL,NULL,'gvpnf4kfhvylh0t3uvv8w1wk',1768819500);
INSERT INTO config_history VALUES('bicr118sjshnbxa4fohpebbx','bhq8datetxb7kk74tvjnyvxc','keybinding','キー配置・リマップ・指割り当てを更新',NULL,'{"keybindings":"[{\"id\":\"keyrit5ln8mnnnx6cbttssff\",\"keyCode\":\"KeyS\"}]","remaps":"[]","fingerAssignments":"{\"Tab\":[\"left-ring\"],\"KeyA\":[\"left-ring\"],\"KeyC\":[\"left-index\"],\"KeyD\":[\"left-index\"],\"KeyE\":[\"left-index\"],\"KeyF\":[\"left-index\"],\"KeyG\":[\"left-index\"],\"KeyQ\":[\"left-ring\"],\"KeyR\":[\"left-index\"],\"KeyS\":[\"left-middle\"],\"KeyT\":[\"left-index\"],\"KeyV\":[\"left-index\"],\"KeyW\":[\"left-middle\"],\"KeyX\":[\"left-middle\"],\"KeyZ\":[\"left-ring\"],\"Space\":[\"left-thumb\"],\"Digit1\":[\"left-ring\"],\"Digit2\":[\"left-middle\"],\"Digit3\":[\"left-index\"],\"Digit4\":[\"left-index\"],\"Digit5\":[\"left-index\"],\"ShiftLeft\":[\"left-pinky\"],\"F1\":[\"left-middle\"]}"}',NULL,1768819776);
INSERT INTO config_history VALUES('ismgfh9t8gh4xjy40i0txqag','rpf8ds6y7gwm7cjolh98ojgp','preset_switch','プリセット「初期設定 (2026/01/19)」を初期設定として作成',NULL,NULL,'h1g464eorcdy6j7o1hpcu3dg',1768820517);
INSERT INTO config_history VALUES('pqy295seuydf774icg2xf8vb','rpf8ds6y7gwm7cjolh98ojgp','keybinding','キー配置・リマップ・指割り当てを更新',NULL,'{"keybindings":"[{\"id\":\"wfqd3bdpi85obili3uehwqw1\",\"keyCode\":\"KeyR\"},{\"id\":\"pskhm1kksd5up1vy0vkklho4\",\"keyCode\":\"\"},{\"id\":\"a9orrfzagtk3xs6st7gd1dus\",\"keyCode\":\"Mouse3\"},{\"id\":\"malvnrv2gvzuysiu8q518fpr\",\"keyCode\":\"Mouse4\"},{\"id\":\"o2idyitvzo4vzyuwh0dpv87p\",\"keyCode\":\"\"},{\"id\":\"o9sd3w8tajpvh9srzt89t5gu\",\"keyCode\":\"\"}]","remaps":"[]","fingerAssignments":"{\"ShiftLeft\":[\"left-pinky\"],\"ControlLeft\":[\"left-pinky\"],\"Digit1\":[\"left-middle\"],\"Digit2\":[\"left-middle\"],\"Digit3\":[\"left-index\"],\"KeyQ\":[\"left-ring\"],\"KeyW\":[\"left-middle\"],\"KeyA\":[\"left-ring\"],\"KeyS\":[\"left-middle\"],\"KeyE\":[\"left-index\"],\"KeyD\":[\"left-index\"],\"KeyR\":[\"left-index\"],\"KeyF\":[\"left-index\"],\"Digit4\":[\"left-index\"],\"Digit5\":[\"left-index\"],\"Space\":[\"left-thumb\"],\"Mouse4\":[\"right-thumb\"],\"Mouse3\":[\"right-thumb\"],\"Mouse0\":[\"right-index\"],\"Mouse1\":[\"right-middle\"]}"}',NULL,1768821048);
INSERT INTO config_history VALUES('qic51p9bngr5vqfzp9izn606','rpf8ds6y7gwm7cjolh98ojgp','keybinding','キー配置・リマップ・指割り当てを更新',NULL,'{"keybindings":"[{\"id\":\"o2idyitvzo4vzyuwh0dpv87p\",\"keyCode\":\"サイド3\"}]","remaps":"[]","fingerAssignments":"{\"ShiftLeft\":[\"left-pinky\"],\"ControlLeft\":[\"left-pinky\"],\"Digit1\":[\"left-middle\"],\"Digit2\":[\"left-middle\"],\"Digit3\":[\"left-index\"],\"KeyQ\":[\"left-ring\"],\"KeyW\":[\"left-middle\"],\"KeyA\":[\"left-ring\"],\"KeyS\":[\"left-middle\"],\"KeyE\":[\"left-index\"],\"KeyD\":[\"left-index\"],\"KeyR\":[\"left-index\"],\"KeyF\":[\"left-index\"],\"Digit4\":[\"left-index\"],\"Digit5\":[\"left-index\"],\"Space\":[\"left-thumb\"],\"Mouse4\":[\"right-thumb\"],\"Mouse3\":[\"right-thumb\"],\"Mouse0\":[\"right-index\"],\"Mouse1\":[\"right-middle\"],\"サイド3\":[\"right-ring\"]}"}',NULL,1768821221);
INSERT INTO config_history VALUES('j1w1v6x2a24r8h1ikoep2kt8','rpf8ds6y7gwm7cjolh98ojgp','keybinding','キー配置・リマップ・指割り当てを更新',NULL,'{"keybindings":"[{\"id\":\"o9sd3w8tajpvh9srzt89t5gu\",\"keyCode\":\"サイド4\"}]","remaps":"[]","fingerAssignments":"{\"ShiftLeft\":[\"left-pinky\"],\"ControlLeft\":[\"left-pinky\"],\"Digit1\":[\"left-middle\"],\"Digit2\":[\"left-middle\"],\"Digit3\":[\"left-index\"],\"KeyQ\":[\"left-ring\"],\"KeyW\":[\"left-middle\"],\"KeyA\":[\"left-ring\"],\"KeyS\":[\"left-middle\"],\"KeyE\":[\"left-index\"],\"KeyD\":[\"left-index\"],\"KeyR\":[\"left-index\"],\"KeyF\":[\"left-index\"],\"Digit4\":[\"left-index\"],\"Digit5\":[\"left-index\"],\"Space\":[\"left-thumb\"],\"Mouse4\":[\"right-thumb\"],\"Mouse3\":[\"right-thumb\"],\"Mouse0\":[\"right-index\"],\"Mouse1\":[\"right-middle\"],\"サイド3\":[\"right-ring\"],\"サイド4\":[\"right-pinky\"]}"}',NULL,1768821251);
INSERT INTO config_history VALUES('ecufemtogzck4whoe18pto0w','rpf8ds6y7gwm7cjolh98ojgp','keybinding','キー配置・リマップ・指割り当てを更新',NULL,'{"keybindings":"[{\"id\":\"o2idyitvzo4vzyuwh0dpv87p\",\"keyCode\":\"MB5\"},{\"id\":\"pskhm1kksd5up1vy0vkklho4\",\"keyCode\":\"\"}]","remaps":"[]","fingerAssignments":"{\"ShiftLeft\":[\"left-pinky\"],\"ControlLeft\":[\"left-pinky\"],\"Digit1\":[\"left-middle\"],\"Digit2\":[\"left-middle\"],\"Digit3\":[\"left-index\"],\"KeyQ\":[\"left-ring\"],\"KeyW\":[\"left-middle\"],\"KeyA\":[\"left-ring\"],\"KeyS\":[\"left-middle\"],\"KeyE\":[\"left-index\"],\"KeyD\":[\"left-index\"],\"KeyR\":[\"left-index\"],\"KeyF\":[\"left-index\"],\"Digit4\":[\"left-index\"],\"Digit5\":[\"left-index\"],\"Space\":[\"left-thumb\"],\"Mouse4\":[\"right-thumb\"],\"Mouse3\":[\"right-thumb\"],\"Mouse0\":[\"right-index\"],\"Mouse1\":[\"right-middle\"],\"サイド3\":[\"right-ring\"],\"サイド4\":[\"right-pinky\"],\"MB5\":[\"right-ring\"]}"}',NULL,1768821338);
INSERT INTO config_history VALUES('g6kflvo7pb2fukenad6ibpv5','rpf8ds6y7gwm7cjolh98ojgp','keybinding','キー配置・リマップ・指割り当てを更新',NULL,'{"keybindings":"[{\"id\":\"pskhm1kksd5up1vy0vkklho4\",\"keyCode\":\"\"}]","remaps":"[]","fingerAssignments":"{\"ShiftLeft\":[\"left-pinky\"],\"ControlLeft\":[\"left-pinky\"],\"Digit1\":[\"left-middle\"],\"Digit2\":[\"left-middle\"],\"Digit3\":[\"left-index\"],\"KeyQ\":[\"left-ring\"],\"KeyW\":[\"left-middle\"],\"KeyA\":[\"left-ring\"],\"KeyS\":[\"left-middle\"],\"KeyE\":[\"left-index\"],\"KeyD\":[\"left-index\"],\"KeyR\":[\"left-index\"],\"KeyF\":[\"left-index\"],\"Digit4\":[\"left-index\"],\"Digit5\":[\"left-index\"],\"Space\":[\"left-thumb\"],\"Mouse4\":[\"right-thumb\"],\"Mouse3\":[\"right-thumb\"],\"Mouse0\":[\"right-index\"],\"Mouse1\":[\"right-middle\"],\"サイド3\":[\"right-ring\"],\"サイド4\":[\"right-pinky\"],\"MB5\":[\"right-ring\"]}"}',NULL,1768821347);
INSERT INTO config_history VALUES('t8c2tywy4gsr4bnv6asu45fp','rpf8ds6y7gwm7cjolh98ojgp','keybinding','キー配置・リマップ・指割り当てを更新',NULL,'{"keybindings":"[{\"id\":\"pskhm1kksd5up1vy0vkklho4\",\"keyCode\":\"\"}]","remaps":"[]","fingerAssignments":"{\"ShiftLeft\":[\"left-pinky\"],\"ControlLeft\":[\"left-pinky\"],\"Digit1\":[\"left-middle\"],\"Digit2\":[\"left-middle\"],\"Digit3\":[\"left-index\"],\"KeyQ\":[\"left-ring\"],\"KeyW\":[\"left-middle\"],\"KeyA\":[\"left-ring\"],\"KeyS\":[\"left-middle\"],\"KeyE\":[\"left-index\"],\"KeyD\":[\"left-index\"],\"KeyR\":[\"left-index\"],\"KeyF\":[\"left-index\"],\"Digit4\":[\"left-index\"],\"Digit5\":[\"left-index\"],\"Space\":[\"left-thumb\"],\"Mouse4\":[\"right-thumb\"],\"Mouse3\":[\"right-thumb\"],\"Mouse0\":[\"right-index\"],\"Mouse1\":[\"right-middle\"],\"サイド3\":[\"right-ring\"],\"サイド4\":[\"right-pinky\"],\"MB5\":[\"right-ring\"]}"}',NULL,1768821793);
INSERT INTO config_history VALUES('ktvlc5dmdgsu27m47ckbd4r7','uov46rhs9eew12vtxt6muilq','preset_switch','プリセット「初期設定 (2026/01/19)」を初期設定として作成',NULL,NULL,'yytsf32tmnwv61ezk6l28bu6',1768822645);
INSERT INTO config_history VALUES('ru9xjixukv2efcdwf1gbpw05','dlmr15u5lmmz3e1uby1onmo4','preset_switch','プリセット「初期設定 (2026/01/19)」を初期設定として作成',NULL,NULL,'yeixktbzfrijctyrfms4240j',1768822829);
INSERT INTO config_history VALUES('zyx0gbtmr9s5ppm3r95y0w6v','uov46rhs9eew12vtxt6muilq','keybinding','キー配置・リマップ・指割り当てを更新',NULL,'{"keybindings":"[{\"id\":\"eo4fx50crw97jz2g2lvwelhc\",\"keyCode\":\"Mouse0\"},{\"id\":\"y9zdlo2qp99p0o0rtpklyhd9\",\"keyCode\":\"Mouse1\"}]","remaps":"[{\"id\":\"wbbnjlba7ll9i1wt2ao02m17\",\"sourceKey\":\"CustomKey2\",\"targetKey\":\"F3\",\"software\":null,\"notes\":null},{\"sourceKey\":\"Mouse2\",\"targetKey\":\"F6\",\"software\":null,\"notes\":null,\"_isNew\":true}]","fingerAssignments":"{\"Tab\":[\"left-pinky\"],\"KeyA\":[\"left-ring\"],\"KeyB\":[\"left-thumb\"],\"KeyC\":[\"left-thumb\"],\"KeyD\":[\"left-index\"],\"KeyE\":[\"left-index\"],\"KeyF\":[\"left-index\"],\"KeyG\":[\"left-index\"],\"KeyM\":[\"left-thumb\"],\"KeyN\":[\"left-thumb\"],\"KeyQ\":[\"left-ring\"],\"KeyR\":[\"left-index\"],\"KeyS\":[\"left-middle\"],\"KeyT\":[\"left-index\"],\"KeyV\":[\"left-thumb\"],\"KeyW\":[\"left-middle\"],\"KeyX\":[\"left-index\"],\"Space\":[\"left-thumb\"],\"Digit1\":[\"left-ring\"],\"Digit2\":[\"left-ring\"],\"Digit3\":[\"left-index\"],\"Digit4\":[\"left-index\"],\"Mouse3\":[\"right-thumb\"],\"Mouse4\":[\"right-thumb\"],\"AltLeft\":[\"left-thumb\",\"left-index\"],\"CapsLock\":[\"left-pinky\"],\"ShiftLeft\":[\"left-pinky\"],\"Mouse2\":[\"right-middle\"],\"Mouse0\":[\"right-index\"],\"Mouse1\":[\"right-middle\"]}"}',NULL,1768823255);
INSERT INTO config_history VALUES('qtwzcqhibb1k4crkyqpggoig','m7rwiysh0olayep1o7kp6fxj','preset_switch','プリセット「初期設定 (2026/01/19)」を初期設定として作成',NULL,NULL,'lupfs1usj4ap2k3x0mz5mvbr',1768824287);
INSERT INTO config_history VALUES('s1qp2xykfgvl2tntj5n621po','rpf8ds6y7gwm7cjolh98ojgp','keybinding','リマップ・指割り当てを更新',NULL,'{"keybindings":null,"remaps":"[]","fingerAssignments":"{\"ShiftLeft\":[\"left-pinky\"],\"ControlLeft\":[\"left-pinky\"],\"Digit1\":[\"left-middle\"],\"Digit2\":[\"left-middle\"],\"Digit3\":[\"left-index\"],\"KeyQ\":[\"left-ring\"],\"KeyW\":[\"left-middle\"],\"KeyA\":[\"left-ring\"],\"KeyS\":[\"left-middle\"],\"KeyE\":[\"left-index\"],\"KeyD\":[\"left-index\"],\"KeyR\":[\"left-index\"],\"KeyF\":[\"left-index\"],\"Digit4\":[\"left-index\"],\"Digit5\":[\"left-index\"],\"Space\":[\"left-thumb\"],\"Mouse4\":[\"right-thumb\"],\"Mouse3\":[\"right-thumb\"],\"Mouse0\":[\"right-index\"],\"Mouse1\":[\"right-middle\"],\"サイド3\":[\"right-ring\"],\"サイド4\":[\"right-pinky\"],\"MB5\":[\"right-ring\"],\"Mouse2\":[\"right-index\"]}"}',NULL,1768825335);
INSERT INTO config_history VALUES('qiu1cek60prvg1kbnlrvjhqc','m7rwiysh0olayep1o7kp6fxj','keybinding','リマップ・指割り当てを更新',NULL,'{"keybindings":null,"remaps":"[{\"id\":\"jnddiwwmvslb4c5d4tz60ppl\",\"sourceKey\":\"AltLeft\",\"targetKey\":\"F3\",\"software\":null,\"notes\":null},{\"id\":\"ssw06d6hsql43l5wvw2kph2f\",\"sourceKey\":\"ControlRight\",\"targetKey\":\"Tab\",\"software\":null,\"notes\":null},{\"id\":\"clihkaqd9qswxy4nfexacmhb\",\"sourceKey\":\"MetaLeft\",\"targetKey\":\"WORLD.1\",\"software\":null,\"notes\":null},{\"id\":\"uddy3jhoxldk6emcnr7mg02r\",\"sourceKey\":\"Tab\",\"targetKey\":\"RShift\",\"software\":null,\"notes\":null},{\"sourceKey\":\"CapsLock\",\"targetKey\":\"Backspace\",\"software\":null,\"notes\":null,\"_isNew\":true}]","fingerAssignments":"{\"Tab\":[\"left-ring\"],\"KeyA\":[\"left-ring\"],\"KeyC\":[\"left-index\"],\"KeyD\":[\"left-index\"],\"KeyE\":[\"left-index\"],\"KeyF\":[\"left-index\"],\"KeyH\":[\"left-index\"],\"KeyK\":[\"left-index\"],\"KeyN\":[\"left-thumb\"],\"KeyQ\":[\"left-ring\"],\"KeyR\":[\"left-index\"],\"KeyS\":[\"left-middle\"],\"KeyT\":[\"left-index\"],\"KeyV\":[\"left-index\"],\"KeyW\":[\"left-middle\"],\"KeyX\":[\"left-index\"],\"KeyY\":[\"left-index\"],\"KeyZ\":[\"left-thumb\"],\"Space\":[\"left-thumb\"],\"Digit1\":[\"left-ring\"],\"Digit2\":[\"left-ring\"],\"Digit3\":[\"left-middle\"],\"Digit4\":[\"left-index\"],\"Digit5\":[\"left-index\"],\"Mouse2\":[\"right-index\"],\"Mouse4\":[\"right-thumb\"],\"AltLeft\":[\"left-thumb\"],\"MetaLeft\":[\"left-thumb\"],\"ShiftLeft\":[\"left-pinky\"],\"ControlLeft\":[\"left-pinky\"],\"ControlRight\":[\"right-index\"]}"}',NULL,1768825503);
INSERT INTO config_history VALUES('gue2h3fyzkm5ifljuzh3stbl','tdff58o2xsaquvdu40fqbbm9','keybinding','リマップ・指割り当てを更新',NULL,'{"keybindings":null,"remaps":"[{\"id\":\"bqycosqt8bsd7tarioncts48\",\"sourceKey\":\"CAPSLOCK\",\"targetKey\":\"RSHIFT\",\"software\":null,\"notes\":null},{\"id\":\"rbv10ls694prticog55t50fv\",\"sourceKey\":\"KEYQ\",\"targetKey\":\"KeyO\",\"software\":null,\"notes\":null}]","fingerAssignments":"{}"}',NULL,1768831451);
INSERT INTO config_history VALUES('j8x003odv7nwbs0oa2b2f7vg','tdff58o2xsaquvdu40fqbbm9','keybinding','リマップ・指割り当てを更新',NULL,'{"keybindings":null,"remaps":"[{\"id\":\"bqycosqt8bsd7tarioncts48\",\"sourceKey\":\"CAPSLOCK\",\"targetKey\":\"RSHIFT\",\"software\":null,\"notes\":null},{\"id\":\"rbv10ls694prticog55t50fv\",\"sourceKey\":\"KEYQ\",\"targetKey\":\"KeyO\",\"software\":null,\"notes\":null}]","fingerAssignments":"{}"}',NULL,1768831478);
INSERT INTO config_history VALUES('tu3wmn8w4k52klzx4xqvmouq','pz9edfoiw9deii5kprg3ceul','preset_switch','プリセット「初期設定 (2026/01/19)」を初期設定として作成',NULL,NULL,'mvp8ejh5a7124fdh1dov55zl',1768832169);
INSERT INTO config_history VALUES('g2ngqgwlppx61wgpvoam8nib','nnme6jt35irtjgtrclef7pit','preset_switch','プリセット「初期設定 (2026/01/19)」を初期設定として作成',NULL,NULL,'zjqyg0mp5jqu6u4owwb8dcw1',1768835723);
INSERT INTO config_history VALUES('x9fevh7m1p7xnxj2p3orgbxy','nnme6jt35irtjgtrclef7pit','keybinding','リマップ・指割り当てを更新',NULL,'{"keybindings":null,"remaps":"[{\"id\":\"xvdb32jkv9g5p6ja29mc4rfl\",\"sourceKey\":\"AltLeft\",\"targetKey\":\"LCtrl\",\"software\":null,\"notes\":null},{\"id\":\"dfg4mkk7sh83wdrprygawa80\",\"sourceKey\":\"AltRight\",\"targetKey\":\"RCtrl\",\"software\":null,\"notes\":null},{\"id\":\"zog94kqw0ul1k956tayfvv9t\",\"sourceKey\":\"CapsLock\",\"targetKey\":\"LShift\",\"software\":null,\"notes\":null},{\"id\":\"o9ut51iypcoevw2mfh740jql\",\"sourceKey\":\"ContextMenu\",\"targetKey\":\"RCtrl\",\"software\":null,\"notes\":null},{\"id\":\"fg2jamnuxpyhznto8mp600il\",\"sourceKey\":\"ControlLeft\",\"targetKey\":\"CapsLock\",\"software\":null,\"notes\":null},{\"id\":\"gtqthketwpipcywk1exmyi59\",\"sourceKey\":\"KeyA\",\"targetKey\":\"-\",\"software\":null,\"notes\":null},{\"id\":\"kljcmd0i7er6z991f5d2p0lv\",\"sourceKey\":\"KeyE\",\"targetKey\":\"O\",\"software\":null,\"notes\":null},{\"id\":\"f8o5dm9zsx1uhl6nnb5npf4c\",\"sourceKey\":\"KeyQ\",\"targetKey\":\"N\",\"software\":null,\"notes\":null},{\"id\":\"n0su37jb16u5sfbnz7snq1o0\",\"sourceKey\":\"KeyT\",\"targetKey\":\"OE\",\"software\":null,\"notes\":null,\"_delete\":true},{\"id\":\"jc9osemz0nm37zu8pjnk1luj\",\"sourceKey\":\"KeyW\",\"targetKey\":\"Backspace\",\"software\":null,\"notes\":null},{\"id\":\"svqad3xq34eumbgdqomf7szl\",\"sourceKey\":\"MetaLeft\",\"targetKey\":\"LAlt\",\"software\":null,\"notes\":null},{\"id\":\"z79edj89im7nlq0ib6xui2kw\",\"sourceKey\":\"MetaRight\",\"targetKey\":\"RAlt\",\"software\":null,\"notes\":null},{\"sourceKey\":\"KeyT\",\"targetKey\":\"∅\",\"software\":null,\"notes\":null,\"_isNew\":true}]","fingerAssignments":"{\"F1\":[\"left-middle\"],\"F2\":[\"left-middle\"],\"F3\":[\"left-index\"],\"F5\":[\"left-index\"],\"F11\":[\"left-index\"],\"Tab\":[\"left-ring\"],\"KeyA\":[\"left-ring\"],\"KeyB\":[\"left-thumb\"],\"KeyC\":[\"left-index\"],\"KeyD\":[\"left-index\"],\"KeyE\":[\"left-index\"],\"KeyF\":[\"left-index\"],\"KeyG\":[\"left-thumb\"],\"KeyI\":[\"left-index\"],\"KeyL\":[\"left-index\"],\"KeyP\":[\"left-index\"],\"KeyQ\":[\"left-ring\"],\"KeyR\":[\"left-index\"],\"KeyS\":[\"left-middle\"],\"KeyT\":[\"left-index\"],\"KeyU\":[\"left-thumb\"],\"KeyV\":[\"left-index\"],\"KeyW\":[\"left-middle\"],\"KeyX\":[\"left-index\"],\"KeyY\":[\"left-index\"],\"KeyZ\":[\"left-ring\"],\"Comma\":[\"left-index\"],\"Equal\":[\"left-index\"],\"Slash\":[\"right-index\"],\"Space\":[\"left-thumb\"],\"Digit0\":[\"left-thumb\"],\"Digit1\":[\"left-ring\"],\"Digit2\":[\"left-ring\"],\"Digit3\":[\"left-index\"],\"Digit4\":[\"left-index\"],\"Digit5\":[\"left-index\"],\"Digit6\":[\"left-index\"],\"Digit7\":[\"left-index\"],\"Escape\":[\"left-middle\"],\"Mouse2\":[\"right-middle\"],\"Mouse3\":[\"right-thumb\"],\"Mouse4\":[\"right-thumb\"],\"Period\":[\"left-index\"],\"AltLeft\":[\"left-thumb\"],\"Convert\":[\"left-thumb\"],\"CapsLock\":[\"left-pinky\"],\"KanaMode\":[\"right-thumb\"],\"MetaLeft\":[\"left-thumb\"],\"ShiftLeft\":[\"left-pinky\"],\"NonConvert\":[\"left-thumb\"],\"BracketLeft\":[\"left-index\"],\"ControlLeft\":[\"left-pinky\"]}"}',NULL,1768837085);
INSERT INTO config_history VALUES('tndrbd3jerknp5shbiabnnoa','tdff58o2xsaquvdu40fqbbm9','keybinding','リマップ・指割り当てを更新',NULL,'{"keybindings":null,"remaps":"[{\"id\":\"bqycosqt8bsd7tarioncts48\",\"sourceKey\":\"CAPSLOCK\",\"targetKey\":\"RSHIFT\",\"software\":null,\"notes\":null},{\"id\":\"rbv10ls694prticog55t50fv\",\"sourceKey\":\"KEYQ\",\"targetKey\":\"KEYO\",\"software\":null,\"notes\":null}]","fingerAssignments":"{\"KeyQ\":[\"left-ring\"],\"KeyA\":[\"left-ring\"],\"KeyS\":[\"left-middle\"],\"KeyW\":[\"left-middle\"],\"KeyE\":[\"left-index\"],\"KeyD\":[\"left-index\"],\"ControlLeft\":[\"left-pinky\"],\"ShiftLeft\":[\"left-pinky\"],\"CapsLock\":[\"left-pinky\"],\"Tab\":[\"left-ring\"],\"Escape\":[\"left-ring\"],\"F3\":[\"left-index\"],\"KeyZ\":[\"left-ring\"],\"KeyX\":[\"left-middle\"],\"KeyC\":[\"left-thumb\"],\"KeyV\":[\"left-thumb\"],\"Space\":[\"left-thumb\"],\"KeyF\":[\"left-index\"],\"KeyG\":[\"left-index\"],\"KeyR\":[\"left-index\"],\"KeyT\":[\"left-index\"],\"KeyY\":[\"left-index\"],\"KeyH\":[\"left-index\"],\"Digit3\":[\"left-index\"],\"Digit4\":[\"left-index\"],\"Digit5\":[\"left-index\"],\"Digit6\":[\"left-index\"],\"KeyN\":[\"left-thumb\"]}"}',NULL,1768891389);
INSERT INTO config_history VALUES('xasm0ivu10916kyg3oilrzdh','tdff58o2xsaquvdu40fqbbm9','keybinding','リマップ・指割り当てを更新',NULL,'{"keybindings":null,"remaps":"[{\"id\":\"bqycosqt8bsd7tarioncts48\",\"sourceKey\":\"CAPSLOCK\",\"targetKey\":\"ShiftRight\",\"software\":\"AHK\",\"notes\":null},{\"id\":\"rbv10ls694prticog55t50fv\",\"sourceKey\":\"KEYQ\",\"targetKey\":\"KeyO\",\"software\":\"AHK\",\"notes\":null}]","fingerAssignments":"{\"KeyQ\":[\"left-ring\"],\"KeyA\":[\"left-ring\"],\"KeyS\":[\"left-middle\"],\"KeyW\":[\"left-middle\"],\"KeyE\":[\"left-index\"],\"KeyD\":[\"left-index\"],\"ControlLeft\":[\"left-pinky\"],\"ShiftLeft\":[\"left-pinky\"],\"CapsLock\":[\"left-pinky\"],\"Tab\":[\"left-ring\"],\"Escape\":[\"left-ring\"],\"F3\":[\"left-index\"],\"KeyZ\":[\"left-ring\"],\"KeyX\":[\"left-middle\"],\"KeyC\":[\"left-thumb\"],\"KeyV\":[\"left-thumb\"],\"Space\":[\"left-thumb\"],\"KeyF\":[\"left-index\"],\"KeyG\":[\"left-index\"],\"KeyR\":[\"left-index\"],\"KeyT\":[\"left-index\"],\"KeyY\":[\"left-index\"],\"KeyH\":[\"left-index\"],\"Digit3\":[\"left-index\"],\"Digit4\":[\"left-index\"],\"Digit5\":[\"left-index\"],\"Digit6\":[\"left-index\"],\"KeyN\":[\"left-thumb\"]}"}',NULL,1768891435);
INSERT INTO config_history VALUES('bgk9wlhgizntq7r8vkvr6wep','uov46rhs9eew12vtxt6muilq','keybinding','キー配置・リマップ・指割り当てを更新',NULL,'{"keybindings":"[{\"id\":\"dssx2g62w95xrbq6xr84n6qs\",\"keyCode\":\"KeyR\"},{\"id\":\"ulw693gnuu0b2wqc30ej4zl3\",\"keyCode\":\"KeyT\"},{\"id\":\"fs2fy49zhhud8tt5xsfc73v2\",\"keyCode\":\"KeyV\"},{\"id\":\"bks3hbz8gkl89ee68cattv1x\",\"keyCode\":\"KeyB\"},{\"id\":\"i0xh1les92bnsivuk3h856kt\",\"keyCode\":\"KeyN\"}]","remaps":"[{\"id\":\"wbbnjlba7ll9i1wt2ao02m17\",\"sourceKey\":\"CUSTOMKEY2\",\"targetKey\":\"F3\",\"software\":null,\"notes\":null},{\"id\":\"e8kddqerb0qx51n5p5vyjju5\",\"sourceKey\":\"MOUSE2\",\"targetKey\":\"F6\",\"software\":null,\"notes\":null}]","fingerAssignments":"{\"Tab\":[\"left-pinky\"],\"KeyA\":[\"left-ring\"],\"KeyB\":[\"left-thumb\"],\"KeyC\":[\"left-thumb\"],\"KeyD\":[\"left-index\"],\"KeyE\":[\"left-index\"],\"KeyF\":[\"left-index\"],\"KeyG\":[\"left-index\"],\"KeyM\":[\"left-thumb\"],\"KeyN\":[\"left-thumb\"],\"KeyQ\":[\"left-ring\"],\"KeyR\":[\"left-index\"],\"KeyS\":[\"left-middle\"],\"KeyT\":[\"left-index\"],\"KeyV\":[\"left-thumb\"],\"KeyW\":[\"left-middle\"],\"KeyX\":[\"left-index\"],\"Space\":[\"left-thumb\"],\"Digit1\":[\"left-ring\"],\"Digit2\":[\"left-ring\"],\"Digit3\":[\"left-index\"],\"Digit4\":[\"left-index\"],\"Mouse3\":[\"right-thumb\"],\"Mouse4\":[\"right-thumb\"],\"AltLeft\":[\"left-thumb\",\"left-index\"],\"CapsLock\":[\"left-pinky\"],\"ShiftLeft\":[\"left-pinky\"],\"Mouse2\":[\"right-middle\"],\"Mouse0\":[\"right-index\"],\"Mouse1\":[\"right-middle\"]}"}',NULL,1768910954);
INSERT INTO config_history VALUES('gwpwnp2luk68jprrq4i1g2o2','uov46rhs9eew12vtxt6muilq','preset_switch','プリセット「meinn」を作成',NULL,NULL,'q0upij9mu05cd6139xp3q947',1768911376);
INSERT INTO config_history VALUES('mkscb2q5xos06szyr3fuk7z5','omjsgv6srjjg8memg6kt4eie','preset_switch','プリセット「初期設定 (2026/01/20)」を初期設定として作成',NULL,NULL,'t9xl2dfsmrmwb6fgltdz6rm7',1768912406);
CREATE TABLE IF NOT EXISTS `config_presets` (
	`id` text PRIMARY KEY NOT NULL,
	`user_id` text NOT NULL,
	`name` text NOT NULL,
	`description` text,
	`is_active` integer DEFAULT false NOT NULL,
	`keybindings_data` text,
	`player_config_data` text,
	`remaps_data` text,
	`finger_assignments_data` text,
	`created_at` integer NOT NULL,
	`updated_at` integer NOT NULL,
	FOREIGN KEY (`user_id`) REFERENCES `users`(`id`) ON UPDATE no action ON DELETE cascade
);
INSERT INTO config_presets VALUES('l304l2kz61yngyy3zrrgru1n','q5kktc9y6u1cy5t1f9w7iw7r','初期設定 (2026/01/19)','アカウント作成時の初期設定',1,'[{"action":"forward","keyCode":"KeyW","category":"movement"},{"action":"back","keyCode":"KeyS","category":"movement"},{"action":"left","keyCode":"KeyA","category":"movement"},{"action":"right","keyCode":"KeyD","category":"movement"},{"action":"jump","keyCode":"Space","category":"movement"},{"action":"sneak","keyCode":"ShiftLeft","category":"movement"},{"action":"sprint","keyCode":"KeyM","category":"movement"},{"action":"attack","keyCode":"Mouse0","category":"combat"},{"action":"use","keyCode":"Mouse1","category":"combat"},{"action":"pickBlock","keyCode":"AltLeft","category":"combat"},{"action":"drop","keyCode":"KeyC","category":"combat"},{"action":"inventory","keyCode":"KeyE","category":"inventory"},{"action":"swapHands","keyCode":"CapsLock","category":"inventory"},{"action":"hotbar1","keyCode":"KeyQ","category":"inventory"},{"action":"hotbar2","keyCode":"Digit1","category":"inventory"},{"action":"hotbar3","keyCode":"Digit2","category":"inventory"},{"action":"hotbar4","keyCode":"Digit3","category":"inventory"},{"action":"hotbar5","keyCode":"KeyV","category":"inventory"},{"action":"hotbar6","keyCode":"KeyT","category":"inventory"},{"action":"hotbar7","keyCode":"KeyG","category":"inventory"},{"action":"hotbar8","keyCode":"KeyR","category":"inventory"},{"action":"hotbar9","keyCode":"KeyF","category":"inventory"},{"action":"togglePerspective","keyCode":"Tab","category":"ui"},{"action":"fullscreen","keyCode":"F11","category":"ui"},{"action":"chat","keyCode":"KeyW","category":"ui"},{"action":"command","keyCode":"Slash","category":"ui"}]','{"keyboardLayout":"US-TKL","keyboardModel":"Keychron Q3 HE","mouseDpi":2200,"gameSensitivity":0.02291165,"rawInput":true,"mouseAcceleration":false,"toggleSprint":true,"toggleSneak":false,"autoJump":false,"fov":null,"guiScale":null,"gameLanguage":"sv_se"}','[{"sourceKey":"Backquote","targetKey":"KeyC","software":null,"notes":null},{"sourceKey":"CapsLock","targetKey":"KeyY","software":null,"notes":null},{"sourceKey":"Digit0","targetKey":null,"software":null,"notes":null},{"sourceKey":"F1","targetKey":"F12","software":null,"notes":null},{"sourceKey":"F12","targetKey":"F1","software":null,"notes":null},{"sourceKey":"F3","targetKey":null,"software":null,"notes":null},{"sourceKey":"KeyA","targetKey":"Ä","software":null,"notes":null},{"sourceKey":"KeyC","targetKey":"T","software":null,"notes":null},{"sourceKey":"KeyD","targetKey":"KeyS","software":null,"notes":null},{"sourceKey":"KeyE","targetKey":"KeyH","software":null,"notes":null},{"sourceKey":"KeyH","targetKey":"KeyL","software":null,"notes":null},{"sourceKey":"KeyL","targetKey":null,"software":null,"notes":null},{"sourceKey":"KeyN","targetKey":"KeyX","software":null,"notes":null},{"sourceKey":"KeyQ","targetKey":"0","software":null,"notes":null},{"sourceKey":"KeyR","targetKey":"KeyD","software":null,"notes":null},{"sourceKey":"KeyS","targetKey":"E","software":null,"notes":null},{"sourceKey":"KeyT","targetKey":"Å","software":null,"notes":null},{"sourceKey":"KeyW","targetKey":"Backspace","software":null,"notes":null},{"sourceKey":"KeyX","targetKey":"KeyN","software":null,"notes":null},{"sourceKey":"KeyY","targetKey":null,"software":null,"notes":null},{"sourceKey":"KeyZ","targetKey":"R","software":null,"notes":null},{"sourceKey":"MetaLeft","targetKey":"ShiftRight","software":null,"notes":null},{"sourceKey":"Mouse4","targetKey":"F3","software":null,"notes":null}]','{"F4":["left-index"],"Tab":["left-ring"],"KeyA":["left-ring"],"KeyB":["left-thumb"],"KeyC":["left-index","left-thumb"],"KeyD":["left-index"],"KeyE":["left-index"],"KeyF":["left-index"],"KeyG":["left-index"],"KeyH":["left-index"],"KeyM":["left-thumb"],"KeyN":["left-thumb"],"KeyQ":["left-ring"],"KeyR":["left-index"],"KeyS":["left-middle"],"KeyT":["left-index"],"KeyV":["left-thumb"],"KeyW":["left-middle"],"KeyX":["left-middle"],"KeyZ":["left-ring"],"Space":["left-thumb"],"Digit1":["left-ring"],"Digit2":["left-middle"],"Digit3":["left-index"],"Digit4":["left-index"],"Digit5":["left-index"],"Escape":["left-ring"],"Mouse2":["right-index"],"Mouse4":["right-thumb"],"AltLeft":["left-thumb"],"CapsLock":["left-pinky","left-ring"],"MetaLeft":["left-pinky"],"Backquote":["left-ring"],"ShiftLeft":["left-pinky"],"ControlLeft":["left-pinky"]}',1768806638,1768806638);
INSERT INTO config_presets VALUES('m9pxownvgj8co96nt4t6bj8g','tdff58o2xsaquvdu40fqbbm9','初期設定 (2026/01/19)','アカウント作成時の初期設定',1,'[{"action":"forward","keyCode":"KeyW","category":"movement"},{"action":"back","keyCode":"KeyS","category":"movement"},{"action":"left","keyCode":"KeyA","category":"movement"},{"action":"right","keyCode":"KeyD","category":"movement"},{"action":"jump","keyCode":"Space","category":"movement"},{"action":"sneak","keyCode":"ShiftLeft","category":"movement"},{"action":"sprint","keyCode":"ControlLeft","category":"movement"},{"action":"attack","keyCode":"Mouse0","category":"combat"},{"action":"use","keyCode":"Mouse1","category":"combat"},{"action":"pickBlock","keyCode":"Mouse2","category":"combat"},{"action":"drop","keyCode":"KeyQ","category":"combat"},{"action":"inventory","keyCode":"KeyE","category":"inventory"},{"action":"swapHands","keyCode":"KeyF","category":"inventory"},{"action":"hotbar1","keyCode":"KeyC","category":"inventory"},{"action":"hotbar2","keyCode":"KeyX","category":"inventory"},{"action":"hotbar3","keyCode":"KeyG","category":"inventory"},{"action":"hotbar4","keyCode":"Digit4","category":"inventory"},{"action":"hotbar5","keyCode":"Digit5","category":"inventory"},{"action":"hotbar6","keyCode":"KeyT","category":"inventory"},{"action":"hotbar7","keyCode":"Digit3","category":"inventory"},{"action":"hotbar8","keyCode":"KeyR","category":"inventory"},{"action":"hotbar9","keyCode":"KeyV","category":"inventory"},{"action":"togglePerspective","keyCode":"KeyZ","category":"ui"},{"action":"fullscreen","keyCode":"F11","category":"ui"},{"action":"chat","keyCode":"KeyY","category":"ui"},{"action":"command","keyCode":"Slash","category":"ui"}]','{"keyboardLayout":"US","keyboardModel":"Logicool K295GP","mouseDpi":5200,"gameSensitivity":0.054637346,"rawInput":true,"mouseAcceleration":false,"toggleSprint":null,"toggleSneak":null,"autoJump":null,"fov":null,"guiScale":null,"gameLanguage":"en_us"}','[{"sourceKey":"CapsLock","targetKey":"RShift","software":null,"notes":null},{"sourceKey":"KeyQ","targetKey":"O","software":null,"notes":null},{"sourceKey":"ShiftRight","targetKey":"CapsLock","software":null,"notes":null}]',NULL,1768818124,1768818124);
INSERT INTO config_presets VALUES('fttaxkqjvn5ikwb2bsxjjszp','x9kgx3mc9sjeyedyn32htky4','初期設定 (2026/01/19)','アカウント作成時の初期設定',1,'[{"action":"forward","keyCode":"KeyW","category":"movement"},{"action":"back","keyCode":"KeyS","category":"movement"},{"action":"left","keyCode":"KeyA","category":"movement"},{"action":"right","keyCode":"KeyD","category":"movement"},{"action":"jump","keyCode":"Space","category":"movement"},{"action":"sneak","keyCode":"ShiftLeft","category":"movement"},{"action":"sprint","keyCode":"KeyB","category":"movement"},{"action":"attack","keyCode":"Mouse0","category":"combat"},{"action":"use","keyCode":"Mouse1","category":"combat"},{"action":"pickBlock","keyCode":"KeyZ","category":"combat"},{"action":"drop","keyCode":"KeyC","category":"combat"},{"action":"inventory","keyCode":"Tab","category":"inventory"},{"action":"swapHands","keyCode":"KeyG","category":"inventory"},{"action":"hotbar1","keyCode":"CapsLock","category":"inventory"},{"action":"hotbar2","keyCode":"Digit4","category":"inventory"},{"action":"hotbar3","keyCode":"Digit5","category":"inventory"},{"action":"hotbar4","keyCode":"KeyR","category":"inventory"},{"action":"hotbar5","keyCode":"KeyT","category":"inventory"},{"action":"hotbar6","keyCode":"Digit1","category":"inventory"},{"action":"hotbar7","keyCode":"Digit3","category":"inventory"},{"action":"hotbar8","keyCode":"Digit2","category":"inventory"},{"action":"hotbar9","keyCode":"KeyF","category":"inventory"},{"action":"togglePerspective","keyCode":"KeyE","category":"ui"},{"action":"fullscreen","keyCode":"KeyY","category":"ui"},{"action":"chat","keyCode":"KeyW","category":"ui"},{"action":"command","keyCode":"Slash","category":"ui"}]','{"keyboardLayout":"JIS-TKL","keyboardModel":"Logicool G515 rapid tkl","mouseDpi":10500,"gameSensitivity":0.058765005,"rawInput":true,"mouseAcceleration":false,"toggleSprint":true,"toggleSneak":false,"autoJump":false,"fov":null,"guiScale":null,"gameLanguage":"en_us"}','[{"sourceKey":"Backspace","targetKey":"KeyW","software":null,"notes":null},{"sourceKey":"CapsLock","targetKey":"KeyI","software":null,"notes":null},{"sourceKey":"Digit0","targetKey":"KeyQ","software":null,"notes":null},{"sourceKey":"Digit6","targetKey":"Esc","software":null,"notes":null},{"sourceKey":"Digit8","targetKey":"x","software":null,"notes":null},{"sourceKey":"Escape","targetKey":"6","software":null,"notes":null},{"sourceKey":"F3","targetKey":"KeyX","software":null,"notes":null},{"sourceKey":"KeyA","targetKey":"KeyO","software":null,"notes":null},{"sourceKey":"KeyD","targetKey":"KeyW","software":null,"notes":null},{"sourceKey":"KeyE","targetKey":"Tab","software":null,"notes":null},{"sourceKey":"KeyI","targetKey":"CapsLock","software":null,"notes":null},{"sourceKey":"KeyN","targetKey":"0","software":null,"notes":null},{"sourceKey":"KeyQ","targetKey":"F3","software":null,"notes":null},{"sourceKey":"KeyS","targetKey":"N","software":null,"notes":null},{"sourceKey":"KeyT","targetKey":"KeyE","software":null,"notes":null},{"sourceKey":"KeyW","targetKey":"Backspace","software":null,"notes":null},{"sourceKey":"KeyX","targetKey":"KeyT","software":null,"notes":null},{"sourceKey":"KeyZ","targetKey":"KeyS","software":null,"notes":null},{"sourceKey":"Mouse3","targetKey":"KeyK","software":null,"notes":null},{"sourceKey":"Mouse4","targetKey":"RShift","software":null,"notes":null},{"sourceKey":"ShiftRight","targetKey":"Mouse3","software":null,"notes":null},{"sourceKey":"Tab","targetKey":"Digit8","software":null,"notes":null}]','{"F3":["left-index"],"Tab":["left-ring"],"KeyA":["left-ring"],"KeyB":["left-thumb"],"KeyC":["left-index"],"KeyD":["left-index"],"KeyE":["left-index"],"KeyF":["left-index"],"KeyG":["left-index"],"KeyH":["left-index"],"KeyJ":["left-thumb"],"KeyM":["left-thumb"],"KeyN":["left-thumb"],"KeyQ":["left-ring"],"KeyR":["left-index"],"KeyS":["left-middle"],"KeyT":["left-index"],"KeyU":["left-index"],"KeyV":["left-thumb"],"KeyW":["left-middle"],"KeyY":["left-index"],"KeyZ":["left-ring"],"Space":["left-thumb"],"Digit1":["left-ring"],"Digit2":["left-ring"],"Digit3":["left-index"],"Digit4":["left-index"],"Digit5":["left-index"],"Digit6":["left-index"],"Mouse2":["right-index"],"Mouse3":["right-thumb"],"Mouse4":["right-thumb"],"Convert":["left-thumb"],"CapsLock":["left-ring"],"ShiftLeft":["left-pinky"],"ControlLeft":["left-pinky"]}',1768818238,1768818238);
INSERT INTO config_presets VALUES('iaxs77ndfcsrby3yn0ltesnz','x436wo1dxmk5o2rxcwblmbad','初期設定 (2026/01/19)','アカウント作成時の初期設定',1,'[{"action":"forward","keyCode":"KeyW","category":"movement"},{"action":"back","keyCode":"KeyS","category":"movement"},{"action":"left","keyCode":"KeyA","category":"movement"},{"action":"right","keyCode":"KeyD","category":"movement"},{"action":"jump","keyCode":"Space","category":"movement"},{"action":"sneak","keyCode":"ShiftLeft","category":"movement"},{"action":"sprint","keyCode":"ControlLeft","category":"movement"},{"action":"attack","keyCode":"Mouse0","category":"combat"},{"action":"use","keyCode":"Mouse1","category":"combat"},{"action":"pickBlock","keyCode":"Mouse2","category":"combat"},{"action":"drop","keyCode":"KeyQ","category":"combat"},{"action":"inventory","keyCode":"KeyE","category":"inventory"},{"action":"swapHands","keyCode":"KeyR","category":"inventory"},{"action":"hotbar1","keyCode":"Digit1","category":"inventory"},{"action":"hotbar2","keyCode":"Digit2","category":"inventory"},{"action":"hotbar3","keyCode":"Digit3","category":"inventory"},{"action":"hotbar4","keyCode":"Digit4","category":"inventory"},{"action":"hotbar5","keyCode":"KeyF","category":"inventory"},{"action":"hotbar6","keyCode":"KeyG","category":"inventory"},{"action":"hotbar7","keyCode":"KeyX","category":"inventory"},{"action":"hotbar8","keyCode":"KeyC","category":"inventory"},{"action":"hotbar9","keyCode":"KeyV","category":"inventory"},{"action":"togglePerspective","keyCode":"Mouse4","category":"ui"},{"action":"fullscreen","keyCode":"F11","category":"ui"},{"action":"chat","keyCode":"Enter","category":"ui"},{"action":"command","keyCode":"Slash","category":"ui"}]','{"keyboardLayout":"US","keyboardModel":"Pulsar PCMK 2HE TKL","mouseDpi":3200,"gameSensitivity":0.02042034454643726,"rawInput":true,"mouseAcceleration":false,"toggleSprint":false,"toggleSneak":false,"autoJump":false,"fov":null,"guiScale":null,"gameLanguage":"en_us"}','[{"sourceKey":"CapsLock","targetKey":"RShift","software":null,"notes":null}]',NULL,1768818699,1768818699);
INSERT INTO config_presets VALUES('sqd3qk9bosfq8muqocdkt65r','bhq8datetxb7kk74tvjnyvxc','初期設定 (2026/01/19)','アカウント作成時の初期設定',1,'[{"action":"forward","keyCode":"KeyW","category":"movement"},{"action":"back","keyCode":"KeyS","category":"movement"},{"action":"left","keyCode":"KeyA","category":"movement"},{"action":"right","keyCode":"KeyD","category":"movement"},{"action":"jump","keyCode":"Space","category":"movement"},{"action":"sneak","keyCode":"ShiftLeft","category":"movement"},{"action":"sprint","keyCode":"KeyQ","category":"movement"},{"action":"attack","keyCode":"Mouse0","category":"combat"},{"action":"use","keyCode":"Mouse1","category":"combat"},{"action":"pickBlock","keyCode":"KeyT","category":"combat"},{"action":"drop","keyCode":"KeyR","category":"combat"},{"action":"inventory","keyCode":"KeyE","category":"inventory"},{"action":"swapHands","keyCode":"KeyF","category":"inventory"},{"action":"hotbar1","keyCode":"Digit1","category":"inventory"},{"action":"hotbar2","keyCode":"Digit2","category":"inventory"},{"action":"hotbar3","keyCode":"Digit3","category":"inventory"},{"action":"hotbar4","keyCode":"Digit4","category":"inventory"},{"action":"hotbar5","keyCode":"Digit5","category":"inventory"},{"action":"hotbar6","keyCode":"KeyZ","category":"inventory"},{"action":"hotbar7","keyCode":"KeyX","category":"inventory"},{"action":"hotbar8","keyCode":"KeyC","category":"inventory"},{"action":"hotbar9","keyCode":"KeyV","category":"inventory"},{"action":"togglePerspective","keyCode":"KeyG","category":"ui"},{"action":"fullscreen","keyCode":"F1","category":"ui"},{"action":"chat","keyCode":"KeyP","category":"ui"},{"action":"command","keyCode":"Slash","category":"ui"}]','{"keyboardLayout":"JIS-TKL","keyboardModel":"icrever G01","mouseDpi":12000,"gameSensitivity":0.036029283,"rawInput":true,"mouseAcceleration":false,"toggleSprint":false,"toggleSneak":false,"autoJump":false,"fov":null,"guiScale":null,"gameLanguage":"en_us"}',NULL,'{"Tab":["left-ring"],"KeyA":["left-ring"],"KeyC":["left-index"],"KeyD":["left-index"],"KeyE":["left-index"],"KeyF":["left-index"],"KeyG":["left-index"],"KeyH":["left-index"],"KeyQ":["left-ring"],"KeyR":["left-index"],"KeyS":["left-middle"],"KeyT":["left-index"],"KeyV":["left-index"],"KeyW":["left-middle"],"KeyX":["left-middle"],"KeyY":["left-index"],"KeyZ":["left-ring"],"Space":["left-thumb"],"Digit1":["left-ring"],"Digit2":["left-middle"],"Digit3":["left-index"],"Digit4":["left-index"],"Digit5":["left-index"],"Mouse2":["right-index"],"Mouse3":["right-thumb"],"Mouse4":["right-thumb"],"ShiftLeft":["left-pinky"]}',1768819133,1768819133);
INSERT INTO config_presets VALUES('gvpnf4kfhvylh0t3uvv8w1wk','q5oraqnc78vo0idzajgllpb9','初期設定 (2026/01/19)','アカウント作成時の初期設定',1,'[{"action":"forward","keyCode":"KeyW","category":"movement"},{"action":"back","keyCode":"KeyS","category":"movement"},{"action":"left","keyCode":"KeyA","category":"movement"},{"action":"right","keyCode":"KeyD","category":"movement"},{"action":"jump","keyCode":"Space","category":"movement"},{"action":"sneak","keyCode":"ShiftLeft","category":"movement"},{"action":"sprint","keyCode":"ControlLeft","category":"movement"},{"action":"attack","keyCode":"Mouse0","category":"combat"},{"action":"use","keyCode":"Mouse1","category":"combat"},{"action":"pickBlock","keyCode":"Convert","category":"combat"},{"action":"drop","keyCode":"KeyR","category":"combat"},{"action":"inventory","keyCode":"KeyE","category":"inventory"},{"action":"swapHands","keyCode":"KeyG","category":"inventory"},{"action":"hotbar1","keyCode":"Digit1","category":"inventory"},{"action":"hotbar2","keyCode":"Digit2","category":"inventory"},{"action":"hotbar3","keyCode":"Digit3","category":"inventory"},{"action":"hotbar4","keyCode":"Digit4","category":"inventory"},{"action":"hotbar5","keyCode":"KeyF","category":"inventory"},{"action":"hotbar6","keyCode":"KeyQ","category":"inventory"},{"action":"hotbar7","keyCode":"KeyZ","category":"inventory"},{"action":"hotbar8","keyCode":"KeyX","category":"inventory"},{"action":"hotbar9","keyCode":"KeyC","category":"inventory"},{"action":"togglePerspective","keyCode":"KeyV","category":"ui"},{"action":"fullscreen","keyCode":"F11","category":"ui"},{"action":"chat","keyCode":"KeyT","category":"ui"},{"action":"command","keyCode":"Slash","category":"ui"}]','{"keyboardLayout":"JIS","keyboardModel":null,"mouseDpi":11100,"gameSensitivity":0.065,"rawInput":true,"mouseAcceleration":false,"toggleSprint":null,"toggleSneak":null,"autoJump":null,"fov":null,"guiScale":null,"gameLanguage":"ja_jp"}',NULL,NULL,1768819500,1768819500);
INSERT INTO config_presets VALUES('h1g464eorcdy6j7o1hpcu3dg','rpf8ds6y7gwm7cjolh98ojgp','初期設定 (2026/01/19)','アカウント作成時の初期設定',1,'[{"action":"forward","keyCode":"KeyW","category":"movement"},{"action":"back","keyCode":"KeyS","category":"movement"},{"action":"left","keyCode":"KeyA","category":"movement"},{"action":"right","keyCode":"KeyD","category":"movement"},{"action":"jump","keyCode":"Space","category":"movement"},{"action":"sneak","keyCode":"ShiftLeft","category":"movement"},{"action":"sprint","keyCode":"ControlLeft","category":"movement"},{"action":"attack","keyCode":"Mouse0","category":"combat"},{"action":"use","keyCode":"Mouse1","category":"combat"},{"action":"pickBlock","keyCode":"Mouse2","category":"combat"},{"action":"drop","keyCode":"KeyQ","category":"combat"},{"action":"inventory","keyCode":"KeyE","category":"inventory"},{"action":"swapHands","keyCode":"KeyF","category":"inventory"},{"action":"hotbar1","keyCode":"Digit1","category":"inventory"},{"action":"hotbar2","keyCode":"Digit2","category":"inventory"},{"action":"hotbar3","keyCode":"Digit3","category":"inventory"},{"action":"hotbar4","keyCode":"Digit4","category":"inventory"},{"action":"hotbar5","keyCode":"Digit5","category":"inventory"},{"action":"hotbar6","keyCode":"Digit6","category":"inventory"},{"action":"hotbar7","keyCode":"Digit7","category":"inventory"},{"action":"hotbar8","keyCode":"Digit8","category":"inventory"},{"action":"hotbar9","keyCode":"Digit9","category":"inventory"},{"action":"togglePerspective","keyCode":"F5","category":"ui"},{"action":"fullscreen","keyCode":"F11","category":"ui"},{"action":"chat","keyCode":"KeyT","category":"ui"},{"action":"command","keyCode":"Slash","category":"ui"},{"action":"toggleHud","keyCode":"F1","category":"ui"}]','{"keyboardLayout":"US","keyboardModel":null,"mouseDpi":null,"gameSensitivity":null,"rawInput":true,"mouseAcceleration":false,"toggleSprint":null,"toggleSneak":null,"autoJump":null,"fov":null,"guiScale":null,"gameLanguage":null}',NULL,NULL,1768820517,1768820517);
INSERT INTO config_presets VALUES('yytsf32tmnwv61ezk6l28bu6','uov46rhs9eew12vtxt6muilq','初期設定 (2026/01/19)','アカウント作成時の初期設定',1,'[{"action":"forward","keyCode":"KeyW","category":"movement"},{"action":"back","keyCode":"KeyS","category":"movement"},{"action":"left","keyCode":"KeyA","category":"movement"},{"action":"right","keyCode":"KeyF","category":"movement"},{"action":"jump","keyCode":"KeyD","category":"movement"},{"action":"sneak","keyCode":"KeyE","category":"movement"},{"action":"sprint","keyCode":"KeyQ","category":"movement"},{"action":"attack","keyCode":"Mouse0","category":"combat"},{"action":"use","keyCode":"Mouse1","category":"combat"},{"action":"pickBlock","keyCode":"KeyX","category":"combat"},{"action":"drop","keyCode":"KeyG","category":"combat"},{"action":"inventory","keyCode":"CustomKey1","category":"inventory"},{"action":"swapHands","keyCode":"Space","category":"inventory"},{"action":"hotbar1","keyCode":"Digit1","category":"inventory"},{"action":"hotbar2","keyCode":"Digit2","category":"inventory"},{"action":"hotbar3","keyCode":"Digit3","category":"inventory"},{"action":"hotbar4","keyCode":"Digit4","category":"inventory"},{"action":"hotbar5","keyCode":"KeyC","category":"inventory"},{"action":"hotbar6","keyCode":"KeyV","category":"inventory"},{"action":"hotbar7","keyCode":"KeyB","category":"inventory"},{"action":"hotbar8","keyCode":"KeyN","category":"inventory"},{"action":"hotbar9","keyCode":"KeyM","category":"inventory"},{"action":"togglePerspective","keyCode":"Mouse4","category":"ui"},{"action":"fullscreen","keyCode":"F11","category":"ui"},{"action":"chat","keyCode":"AltLeft","category":"ui"},{"action":"command","keyCode":"Slash","category":"ui"}]','{"keyboardLayout":"US-TKL","keyboardModel":"irok NA87 mag","mouseDpi":5600,"gameSensitivity":0.014033499,"rawInput":false,"mouseAcceleration":false,"toggleSprint":null,"toggleSneak":null,"autoJump":null,"fov":null,"guiScale":null,"gameLanguage":"ja_jp"}','[{"sourceKey":"CustomKey2","targetKey":"F3","software":null,"notes":null}]','{"Tab":["left-pinky"],"KeyA":["left-ring"],"KeyB":["left-thumb"],"KeyC":["left-thumb"],"KeyD":["left-index"],"KeyE":["left-index"],"KeyF":["left-index"],"KeyG":["left-index"],"KeyM":["left-thumb"],"KeyN":["left-thumb"],"KeyQ":["left-ring"],"KeyR":["left-index"],"KeyS":["left-middle"],"KeyT":["left-index"],"KeyV":["left-thumb"],"KeyW":["left-middle"],"KeyX":["left-index"],"Space":["left-thumb"],"Digit1":["left-ring"],"Digit2":["left-ring"],"Digit3":["left-index"],"Digit4":["left-index"],"Mouse3":["right-thumb"],"Mouse4":["right-thumb"],"AltLeft":["left-thumb","left-index"],"CapsLock":["left-pinky"],"ShiftLeft":["left-pinky"]}',1768822645,1768822645);
INSERT INTO config_presets VALUES('yeixktbzfrijctyrfms4240j','dlmr15u5lmmz3e1uby1onmo4','初期設定 (2026/01/19)','アカウント作成時の初期設定',1,'[{"action":"forward","keyCode":"KeyW","category":"movement"},{"action":"back","keyCode":"KeyS","category":"movement"},{"action":"left","keyCode":"KeyA","category":"movement"},{"action":"right","keyCode":"KeyD","category":"movement"},{"action":"jump","keyCode":"Space","category":"movement"},{"action":"sneak","keyCode":"ShiftLeft","category":"movement"},{"action":"sprint","keyCode":"CapsLock","category":"movement"},{"action":"attack","keyCode":"Mouse0","category":"combat"},{"action":"use","keyCode":"Mouse1","category":"combat"},{"action":"pickBlock","keyCode":"Mouse2","category":"combat"},{"action":"drop","keyCode":"KeyQ","category":"combat"},{"action":"inventory","keyCode":"KeyE","category":"inventory"},{"action":"swapHands","keyCode":"KeyF","category":"inventory"},{"action":"hotbar1","keyCode":"Digit1","category":"inventory"},{"action":"hotbar2","keyCode":"Digit2","category":"inventory"},{"action":"hotbar3","keyCode":"Digit3","category":"inventory"},{"action":"hotbar4","keyCode":"Digit4","category":"inventory"},{"action":"hotbar5","keyCode":"Digit5","category":"inventory"},{"action":"hotbar6","keyCode":"KeyX","category":"inventory"},{"action":"hotbar7","keyCode":"KeyC","category":"inventory"},{"action":"hotbar8","keyCode":"KeyV","category":"inventory"},{"action":"hotbar9","keyCode":"KeyB","category":"inventory"},{"action":"togglePerspective","keyCode":"Mouse4","category":"ui"},{"action":"fullscreen","keyCode":"F11","category":"ui"},{"action":"chat","keyCode":"KeyO","category":"ui"},{"action":"command","keyCode":"Slash","category":"ui"}]','{"keyboardLayout":"US-TKL","keyboardModel":"REALFORCE R3 Keyboard Mac 配列 / R3HH21","mouseDpi":2400,"gameSensitivity":0.02291165,"rawInput":true,"mouseAcceleration":false,"toggleSprint":null,"toggleSneak":null,"autoJump":null,"fov":null,"guiScale":null,"gameLanguage":"en_us"}','[{"sourceKey":"CapsLock","targetKey":"LCtrl","software":null,"notes":null},{"sourceKey":"ControlLeft","targetKey":"LCtrl","software":null,"notes":null},{"sourceKey":"F1","targetKey":"F7","software":null,"notes":null},{"sourceKey":"F7","targetKey":"F1","software":null,"notes":null},{"sourceKey":"Mouse3","targetKey":"F3","software":null,"notes":null},{"sourceKey":"Mouse4","targetKey":"F5","software":null,"notes":null},{"sourceKey":"Tab","targetKey":"RShift","software":null,"notes":null}]',NULL,1768822829,1768822829);
INSERT INTO config_presets VALUES('lupfs1usj4ap2k3x0mz5mvbr','m7rwiysh0olayep1o7kp6fxj','初期設定 (2026/01/19)','アカウント作成時の初期設定',1,'[{"action":"forward","keyCode":"KeyW","category":"movement"},{"action":"back","keyCode":"KeyS","category":"movement"},{"action":"left","keyCode":"KeyA","category":"movement"},{"action":"right","keyCode":"KeyD","category":"movement"},{"action":"jump","keyCode":"Space","category":"movement"},{"action":"sneak","keyCode":"ShiftLeft","category":"movement"},{"action":"sprint","keyCode":"ControlLeft","category":"movement"},{"action":"attack","keyCode":"Mouse0","category":"combat"},{"action":"use","keyCode":"Mouse1","category":"combat"},{"action":"pickBlock","keyCode":"Mouse2","category":"combat"},{"action":"drop","keyCode":"KeyQ","category":"combat"},{"action":"inventory","keyCode":"KeyE","category":"inventory"},{"action":"swapHands","keyCode":"KeyF","category":"inventory"},{"action":"hotbar1","keyCode":"Digit1","category":"inventory"},{"action":"hotbar2","keyCode":"Digit2","category":"inventory"},{"action":"hotbar3","keyCode":"Digit3","category":"inventory"},{"action":"hotbar4","keyCode":"Digit4","category":"inventory"},{"action":"hotbar5","keyCode":"Digit5","category":"inventory"},{"action":"hotbar6","keyCode":"KeyZ","category":"inventory"},{"action":"hotbar7","keyCode":"KeyX","category":"inventory"},{"action":"hotbar8","keyCode":"KeyC","category":"inventory"},{"action":"hotbar9","keyCode":"KeyV","category":"inventory"},{"action":"togglePerspective","keyCode":"Mouse4","category":"ui"},{"action":"fullscreen","keyCode":"F11","category":"ui"},{"action":"chat","keyCode":"KeyT","category":"ui"},{"action":"command","keyCode":"Slash","category":"ui"}]','{"keyboardLayout":"JIS","keyboardModel":"G413 TKL SE","mouseDpi":22500,"gameSensitivity":0.010085808,"rawInput":true,"mouseAcceleration":false,"toggleSprint":false,"toggleSneak":false,"autoJump":false,"fov":null,"guiScale":null,"gameLanguage":"mt_mt"}','[{"sourceKey":"AltLeft","targetKey":"F3","software":null,"notes":null},{"sourceKey":"ControlRight","targetKey":"Tab","software":null,"notes":null},{"sourceKey":"MetaLeft","targetKey":"WORLD.1","software":null,"notes":null},{"sourceKey":"Tab","targetKey":"RShift","software":null,"notes":null}]','{"Tab":["left-ring"],"KeyA":["left-ring"],"KeyC":["left-index"],"KeyD":["left-index"],"KeyE":["left-index"],"KeyF":["left-index"],"KeyH":["left-index"],"KeyK":["left-index"],"KeyN":["left-thumb"],"KeyQ":["left-ring"],"KeyR":["left-index"],"KeyS":["left-middle"],"KeyT":["left-index"],"KeyV":["left-index"],"KeyW":["left-middle"],"KeyX":["left-index"],"KeyY":["left-index"],"KeyZ":["left-thumb"],"Space":["left-thumb"],"Digit1":["left-ring"],"Digit2":["left-ring"],"Digit3":["left-middle"],"Digit4":["left-index"],"Digit5":["left-index"],"Mouse2":["right-index"],"Mouse4":["right-thumb"],"AltLeft":["left-thumb"],"MetaLeft":["left-thumb"],"ShiftLeft":["left-pinky"],"ControlLeft":["left-pinky"],"ControlRight":["right-index"]}',1768824287,1768824287);
INSERT INTO config_presets VALUES('mvp8ejh5a7124fdh1dov55zl','pz9edfoiw9deii5kprg3ceul','初期設定 (2026/01/19)','アカウント作成時の初期設定',1,'[{"action":"forward","keyCode":"KeyW","category":"movement"},{"action":"back","keyCode":"KeyS","category":"movement"},{"action":"left","keyCode":"KeyA","category":"movement"},{"action":"right","keyCode":"KeyD","category":"movement"},{"action":"jump","keyCode":"Space","category":"movement"},{"action":"sneak","keyCode":"ShiftLeft","category":"movement"},{"action":"sprint","keyCode":"ControlLeft","category":"movement"},{"action":"attack","keyCode":"Mouse0","category":"combat"},{"action":"use","keyCode":"Mouse1","category":"combat"},{"action":"pickBlock","keyCode":"Mouse2","category":"combat"},{"action":"drop","keyCode":"KeyQ","category":"combat"},{"action":"inventory","keyCode":"KeyE","category":"inventory"},{"action":"swapHands","keyCode":"KeyF","category":"inventory"},{"action":"hotbar1","keyCode":"Digit1","category":"inventory"},{"action":"hotbar2","keyCode":"Digit2","category":"inventory"},{"action":"hotbar3","keyCode":"Digit3","category":"inventory"},{"action":"hotbar4","keyCode":"Digit4","category":"inventory"},{"action":"hotbar5","keyCode":"Digit5","category":"inventory"},{"action":"hotbar6","keyCode":"Digit6","category":"inventory"},{"action":"hotbar7","keyCode":"Digit7","category":"inventory"},{"action":"hotbar8","keyCode":"Digit8","category":"inventory"},{"action":"hotbar9","keyCode":"Digit9","category":"inventory"},{"action":"togglePerspective","keyCode":"F5","category":"ui"},{"action":"fullscreen","keyCode":"F11","category":"ui"},{"action":"chat","keyCode":"KeyT","category":"ui"},{"action":"command","keyCode":"Slash","category":"ui"},{"action":"toggleHud","keyCode":"F1","category":"ui"}]','{"keyboardLayout":"US","keyboardModel":null,"mouseDpi":null,"gameSensitivity":null,"rawInput":true,"mouseAcceleration":false,"toggleSprint":null,"toggleSneak":null,"autoJump":null,"fov":null,"guiScale":null,"gameLanguage":null}',NULL,NULL,1768832169,1768832169);
INSERT INTO config_presets VALUES('zjqyg0mp5jqu6u4owwb8dcw1','nnme6jt35irtjgtrclef7pit','初期設定 (2026/01/19)','アカウント作成時の初期設定',1,'[{"action":"forward","keyCode":"KeyW","category":"movement"},{"action":"back","keyCode":"KeyS","category":"movement"},{"action":"left","keyCode":"KeyA","category":"movement"},{"action":"right","keyCode":"KeyD","category":"movement"},{"action":"jump","keyCode":"Space","category":"movement"},{"action":"sneak","keyCode":"ShiftLeft","category":"movement"},{"action":"sprint","keyCode":"Equal","category":"movement"},{"action":"attack","keyCode":"Mouse0","category":"combat"},{"action":"use","keyCode":"Mouse1","category":"combat"},{"action":"pickBlock","keyCode":"Mouse2","category":"combat"},{"action":"drop","keyCode":"KeyZ","category":"combat"},{"action":"inventory","keyCode":"KeyE","category":"inventory"},{"action":"swapHands","keyCode":"KeyQ","category":"inventory"},{"action":"hotbar1","keyCode":"Digit1","category":"inventory"},{"action":"hotbar2","keyCode":"Digit2","category":"inventory"},{"action":"hotbar3","keyCode":"Digit3","category":"inventory"},{"action":"hotbar4","keyCode":"Digit4","category":"inventory"},{"action":"hotbar5","keyCode":"KeyR","category":"inventory"},{"action":"hotbar6","keyCode":"KeyX","category":"inventory"},{"action":"hotbar7","keyCode":"KeyF","category":"inventory"},{"action":"hotbar8","keyCode":"KeyV","category":"inventory"},{"action":"hotbar9","keyCode":"KeyC","category":"inventory"},{"action":"togglePerspective","keyCode":"Mouse4","category":"ui"},{"action":"fullscreen","keyCode":"F11","category":"ui"},{"action":"chat","keyCode":"KeyW","category":"ui"},{"action":"command","keyCode":"Slash","category":"ui"}]','{"keyboardLayout":"JIS","keyboardModel":"Apple Magic Keyboard","mouseDpi":2400,"gameSensitivity":0.02291165,"rawInput":true,"mouseAcceleration":false,"toggleSprint":true,"toggleSneak":false,"autoJump":false,"fov":null,"guiScale":null,"gameLanguage":"da_dk"}','[{"sourceKey":"AltLeft","targetKey":"LCtrl","software":null,"notes":null},{"sourceKey":"AltRight","targetKey":"RCtrl","software":null,"notes":null},{"sourceKey":"CapsLock","targetKey":"LShift","software":null,"notes":null},{"sourceKey":"ContextMenu","targetKey":"RCtrl","software":null,"notes":null},{"sourceKey":"ControlLeft","targetKey":"CapsLock","software":null,"notes":null},{"sourceKey":"KeyA","targetKey":"-","software":null,"notes":null},{"sourceKey":"KeyE","targetKey":"O","software":null,"notes":null},{"sourceKey":"KeyQ","targetKey":"N","software":null,"notes":null},{"sourceKey":"KeyT","targetKey":"OE","software":null,"notes":null},{"sourceKey":"KeyW","targetKey":"Backspace","software":null,"notes":null},{"sourceKey":"MetaLeft","targetKey":"LAlt","software":null,"notes":null},{"sourceKey":"MetaRight","targetKey":"RAlt","software":null,"notes":null}]','{"F1":["left-middle"],"F2":["left-middle"],"F3":["left-index"],"F5":["left-index"],"F11":["left-index"],"Tab":["left-ring"],"KeyA":["left-ring"],"KeyB":["left-thumb"],"KeyC":["left-index"],"KeyD":["left-index"],"KeyE":["left-index"],"KeyF":["left-index"],"KeyG":["left-thumb"],"KeyI":["left-index"],"KeyL":["left-index"],"KeyP":["left-index"],"KeyQ":["left-ring"],"KeyR":["left-index"],"KeyS":["left-middle"],"KeyT":["left-index"],"KeyU":["left-thumb"],"KeyV":["left-index"],"KeyW":["left-middle"],"KeyX":["left-index"],"KeyY":["left-index"],"KeyZ":["left-ring"],"Comma":["left-index"],"Equal":["left-index"],"Slash":["right-index"],"Space":["left-thumb"],"Digit0":["left-thumb"],"Digit1":["left-ring"],"Digit2":["left-ring"],"Digit3":["left-index"],"Digit4":["left-index"],"Digit5":["left-index"],"Digit6":["left-index"],"Digit7":["left-index"],"Escape":["left-middle"],"Mouse2":["right-middle"],"Mouse3":["right-thumb"],"Mouse4":["right-thumb"],"Period":["left-index"],"AltLeft":["left-thumb"],"Convert":["left-thumb"],"CapsLock":["left-pinky"],"KanaMode":["right-thumb"],"MetaLeft":["left-thumb"],"ShiftLeft":["left-pinky"],"NonConvert":["left-thumb"],"BracketLeft":["left-index"],"ControlLeft":["left-pinky"]}',1768835723,1768835723);
INSERT INTO config_presets VALUES('q0upij9mu05cd6139xp3q947','uov46rhs9eew12vtxt6muilq','meinn',NULL,0,'[{"action":"forward","keyCode":"KeyW","category":"movement"},{"action":"back","keyCode":"KeyS","category":"movement"},{"action":"left","keyCode":"KeyA","category":"movement"},{"action":"right","keyCode":"KeyF","category":"movement"},{"action":"jump","keyCode":"KeyD","category":"movement"},{"action":"sneak","keyCode":"KeyE","category":"movement"},{"action":"sprint","keyCode":"KeyQ","category":"movement"},{"action":"attack","keyCode":"Mouse1","category":"combat"},{"action":"use","keyCode":"Mouse0","category":"combat"},{"action":"pickBlock","keyCode":"KeyX","category":"combat"},{"action":"drop","keyCode":"KeyG","category":"combat"},{"action":"inventory","keyCode":"CustomKey1","category":"inventory"},{"action":"swapHands","keyCode":"Space","category":"inventory"},{"action":"hotbar1","keyCode":"Digit1","category":"inventory"},{"action":"hotbar2","keyCode":"Digit2","category":"inventory"},{"action":"hotbar3","keyCode":"Digit3","category":"inventory"},{"action":"hotbar4","keyCode":"Digit4","category":"inventory"},{"action":"hotbar5","keyCode":"KeyR","category":"inventory"},{"action":"hotbar6","keyCode":"KeyT","category":"inventory"},{"action":"hotbar7","keyCode":"KeyV","category":"inventory"},{"action":"hotbar8","keyCode":"KeyB","category":"inventory"},{"action":"hotbar9","keyCode":"KeyN","category":"inventory"},{"action":"togglePerspective","keyCode":"Mouse4","category":"ui"},{"action":"fullscreen","keyCode":"F11","category":"ui"},{"action":"chat","keyCode":"AltLeft","category":"ui"},{"action":"command","keyCode":"Slash","category":"ui"}]','{"keyboardLayout":"US_TKL","keyboardModel":"wobkey crush80","mouseDpi":5600,"gameSensitivity":0.014033499,"rawInput":false,"mouseAcceleration":false,"toggleSprint":false,"toggleSneak":false,"autoJump":false,"fov":110,"guiScale":3,"gameLanguage":"ja_jp"}','[{"sourceKey":"CUSTOMKEY2","targetKey":"F3","software":null,"notes":null},{"sourceKey":"MOUSE2","targetKey":"F6","software":null,"notes":null}]','{"Tab":["left-pinky"],"KeyA":["left-ring"],"KeyB":["left-thumb"],"KeyC":["left-thumb"],"KeyD":["left-index"],"KeyE":["left-index"],"KeyF":["left-index"],"KeyG":["left-index"],"KeyM":["left-thumb"],"KeyN":["left-thumb"],"KeyQ":["left-ring"],"KeyR":["left-index"],"KeyS":["left-middle"],"KeyT":["left-index"],"KeyV":["left-thumb"],"KeyW":["left-middle"],"KeyX":["left-index"],"Space":["left-thumb"],"Digit1":["left-ring"],"Digit2":["left-ring"],"Digit3":["left-index"],"Digit4":["left-index"],"Mouse3":["right-thumb"],"Mouse4":["right-thumb"],"AltLeft":["left-thumb","left-index"],"CapsLock":["left-pinky"],"ShiftLeft":["left-pinky"],"Mouse2":["right-middle"],"Mouse0":["right-index"],"Mouse1":["right-middle"]}',1768911376,1768911376);
INSERT INTO config_presets VALUES('t9xl2dfsmrmwb6fgltdz6rm7','omjsgv6srjjg8memg6kt4eie','初期設定 (2026/01/20)','アカウント作成時の初期設定',1,'[{"action":"forward","keyCode":"KeyW","category":"movement"},{"action":"back","keyCode":"KeyS","category":"movement"},{"action":"left","keyCode":"KeyA","category":"movement"},{"action":"right","keyCode":"KeyD","category":"movement"},{"action":"jump","keyCode":"Space","category":"movement"},{"action":"sneak","keyCode":"ShiftLeft","category":"movement"},{"action":"sprint","keyCode":"Quote","category":"movement"},{"action":"attack","keyCode":"Mouse0","category":"combat"},{"action":"use","keyCode":"Mouse1","category":"combat"},{"action":"pickBlock","keyCode":"KeyR","category":"combat"},{"action":"drop","keyCode":"KeyQ","category":"combat"},{"action":"inventory","keyCode":"KeyE","category":"inventory"},{"action":"swapHands","keyCode":"Mouse3","category":"inventory"},{"action":"hotbar1","keyCode":"KeyG","category":"inventory"},{"action":"hotbar2","keyCode":"KeyF","category":"inventory"},{"action":"hotbar3","keyCode":"Digit1","category":"inventory"},{"action":"hotbar4","keyCode":"Digit2","category":"inventory"},{"action":"hotbar5","keyCode":"Digit3","category":"inventory"},{"action":"hotbar6","keyCode":"KeyV","category":"inventory"},{"action":"hotbar7","keyCode":"KeyC","category":"inventory"},{"action":"hotbar8","keyCode":"KeyX","category":"inventory"},{"action":"hotbar9","keyCode":"KeyZ","category":"inventory"},{"action":"togglePerspective","keyCode":"Mouse4","category":"ui"},{"action":"fullscreen","keyCode":"F11","category":"ui"},{"action":"chat","keyCode":"KeyT","category":"ui"},{"action":"command","keyCode":"Slash","category":"ui"}]','{"keyboardLayout":"JIS-TKL","keyboardModel":"Logicool G G913TKL","mouseDpi":9600,"gameSensitivity":0.02291165,"rawInput":true,"mouseAcceleration":false,"toggleSprint":true,"toggleSneak":false,"autoJump":false,"fov":null,"guiScale":null,"gameLanguage":"eu_es"}','[{"sourceKey":"CapsLock","targetKey":"RShift","software":null,"notes":null},{"sourceKey":"KeyA","targetKey":"O","software":null,"notes":null},{"sourceKey":"KeyC","targetKey":".","software":null,"notes":null},{"sourceKey":"KeyD","targetKey":"N","software":null,"notes":null},{"sourceKey":"KeyE","targetKey":"A","software":null,"notes":null},{"sourceKey":"KeyF","targetKey":"B","software":null,"notes":null},{"sourceKey":"KeyQ","targetKey":"-","software":null,"notes":null},{"sourceKey":"KeyR","targetKey":"G","software":null,"notes":null},{"sourceKey":"KeyW","targetKey":"U","software":null,"notes":null},{"sourceKey":"KeyX","targetKey":"D","software":null,"notes":null},{"sourceKey":"KeyZ","targetKey":"I","software":null,"notes":null},{"sourceKey":"Mouse3","targetKey":"Backspace","software":null,"notes":null},{"sourceKey":"Mouse4","targetKey":"Home","software":null,"notes":null}]','{"F3":["left-index"],"F6":["left-middle"],"F7":["left-middle"],"F11":["left-middle"],"Tab":["left-middle"],"KeyA":["left-ring"],"KeyB":["left-thumb"],"KeyC":["left-index"],"KeyD":["left-index"],"KeyE":["left-index"],"KeyF":["left-index"],"KeyG":["left-thumb","left-index"],"KeyI":["left-middle"],"KeyJ":["left-index"],"KeyM":["left-index"],"KeyN":["left-index"],"KeyO":["left-middle"],"KeyQ":["left-ring"],"KeyR":["left-index"],"KeyS":["left-middle"],"KeyT":["left-index"],"KeyU":["left-index"],"KeyV":["left-index"],"KeyW":["left-middle"],"KeyX":["left-middle","left-index"],"KeyZ":["left-ring"],"Slash":["left-middle"],"Space":["left-thumb"],"Digit0":["left-thumb","right-index"],"Digit1":["left-pinky"],"Digit2":["left-ring","left-middle"],"Digit3":["left-middle","left-index"],"Digit4":["left-index"],"Digit5":["left-index"],"Digit6":["left-index"],"Digit7":["left-index"],"Escape":["left-middle","left-ring"],"Mouse2":["right-middle"],"Mouse3":["right-thumb"],"Mouse4":["right-thumb"],"ArrowUp":["left-index"],"CapsLock":["left-pinky"],"ShiftLeft":["left-pinky"],"ArrowRight":["left-index"],"ControlLeft":["left-pinky"]}',1768912406,1768912406);
CREATE TABLE IF NOT EXISTS `custom_fields` (
	`id` text PRIMARY KEY NOT NULL,
	`user_id` text NOT NULL,
	`field_name` text NOT NULL,
	`field_value` text NOT NULL,
	`field_type` text DEFAULT 'text' NOT NULL,
	`display_order` integer DEFAULT 0 NOT NULL,
	`created_at` integer NOT NULL,
	`updated_at` integer NOT NULL,
	FOREIGN KEY (`user_id`) REFERENCES `users`(`id`) ON UPDATE no action ON DELETE cascade
);
CREATE TABLE IF NOT EXISTS `custom_keys` (
	`id` text PRIMARY KEY NOT NULL,
	`user_id` text NOT NULL,
	`key_code` text NOT NULL,
	`key_name` text NOT NULL,
	`category` text NOT NULL,
	`position` text,
	`size` text,
	`notes` text,
	`created_at` integer NOT NULL,
	`updated_at` integer NOT NULL,
	FOREIGN KEY (`user_id`) REFERENCES `users`(`id`) ON UPDATE no action ON DELETE cascade
);
INSERT INTO custom_keys VALUES('yvvza8w4kts9m8vchztt0krc','rpf8ds6y7gwm7cjolh98ojgp','サイド3','サイド3','mouse',NULL,NULL,NULL,1768821142,1768826186);
INSERT INTO custom_keys VALUES('p3cvi4i8lclpw1zmsjyroptr','rpf8ds6y7gwm7cjolh98ojgp','サイド4','サイド4','mouse',NULL,NULL,NULL,1768821238,1768826186);
CREATE TABLE IF NOT EXISTS `external_stats` (
	`id` text PRIMARY KEY NOT NULL,
	`user_id` text NOT NULL,
	`service` text NOT NULL,
	`data` text NOT NULL,
	`last_fetched` integer NOT NULL,
	`created_at` integer NOT NULL,
	`updated_at` integer NOT NULL,
	FOREIGN KEY (`user_id`) REFERENCES `users`(`id`) ON UPDATE no action ON DELETE cascade
);
CREATE TABLE IF NOT EXISTS `external_tools` (
	`id` text PRIMARY KEY NOT NULL,
	`user_id` text NOT NULL,
	`trigger_key` text NOT NULL,
	`tool_name` text NOT NULL,
	`action_name` text NOT NULL,
	`description` text,
	`created_at` integer NOT NULL,
	`updated_at` integer NOT NULL,
	FOREIGN KEY (`user_id`) REFERENCES `users`(`id`) ON UPDATE no action ON DELETE cascade
);
CREATE TABLE IF NOT EXISTS `favorites` (
	`id` text PRIMARY KEY NOT NULL,
	`user_id` text NOT NULL,
	`favorite_mcid` text NOT NULL,
	`created_at` integer NOT NULL,
	FOREIGN KEY (`user_id`) REFERENCES `users`(`id`) ON UPDATE no action ON DELETE cascade
);
CREATE TABLE IF NOT EXISTS `item_layouts` (
	`id` text PRIMARY KEY NOT NULL,
	`user_id` text NOT NULL,
	`segment` text NOT NULL,
	`slots` text NOT NULL,
	`offhand` text,
	`notes` text,
	`display_order` integer DEFAULT 0 NOT NULL,
	`created_at` integer NOT NULL,
	`updated_at` integer NOT NULL,
	FOREIGN KEY (`user_id`) REFERENCES `users`(`id`) ON UPDATE no action ON DELETE cascade
);
INSERT INTO item_layouts VALUES('rnp9sx3kmbuiz9pnqc15zvuf','q5kktc9y6u1cy5t1f9w7iw7r','overworld','[{"slot":1,"items":["minecraft:iron_axe"]},{"slot":2,"items":["minecraft:iron_pickaxe"]},{"slot":3,"items":["minecraft:iron_shovel"]},{"slot":4,"items":["minecraft:oak_boat"]},{"slot":5,"items":["minecraft:oak_door","minecraft:ender_pearl","minecraft:gold_ingot"]},{"slot":6,"items":["minecraft:ender_eye","minecraft:fire_charge","minecraft:gold_block"]},{"slot":7,"items":["minecraft:obsidian","minecraft:blaze_rod"]},{"slot":8,"items":["minecraft:dirt"]},{"slot":9,"items":["minecraft:gravel"]}]','["minecraft:cooked_porkchop"]',NULL,0,1768806634,1768806634);
INSERT INTO item_layouts VALUES('pvceiycnmz7gakkrg4t6xmq1','q5kktc9y6u1cy5t1f9w7iw7r','end','[{"slot":1,"items":["minecraft:white_bed"]},{"slot":2,"items":["minecraft:iron_pickaxe"]},{"slot":3,"items":["minecraft:bow","minecraft:crossbow"]},{"slot":4,"items":["minecraft:oak_boat"]},{"slot":5,"items":["minecraft:ender_pearl"]},{"slot":6,"items":["minecraft:glowstone"]},{"slot":7,"items":["minecraft:crying_obsidian","minecraft:respawn_anchor","minecraft:obsidian"]},{"slot":8,"items":["minecraft:dirt"]},{"slot":9,"items":["minecraft:soul_sand"]}]','["minecraft:iron_axe"]',NULL,1,1768806634,1768806634);
INSERT INTO item_layouts VALUES('t1l2dn8al0rqjwa47wws2v3b','x9kgx3mc9sjeyedyn32htky4','Bastion','[{"slot":1,"items":["minecraft:oak_boat"]},{"slot":2,"items":["minecraft:flint_and_steel"]},{"slot":3,"items":["minecraft:gold_block"]},{"slot":4,"items":["minecraft:dirt"]},{"slot":5,"items":["minecraft:gold_ingot"]},{"slot":6,"items":["minecraft:iron_shovel"]},{"slot":7,"items":["minecraft:iron_pickaxe"]},{"slot":8,"items":["minecraft:iron_axe"]},{"slot":9,"items":["minecraft:bucket","minecraft:golden_pickaxe"]}]','[]',NULL,0,1768818233,1768818233);
INSERT INTO item_layouts VALUES('xf65erhnpc2n2i75yq9ej80m','x9kgx3mc9sjeyedyn32htky4','BastionToFort','[{"slot":1,"items":["minecraft:oak_boat"]},{"slot":2,"items":["minecraft:potion","minecraft:splash_potion","minecraft:white_bed"]},{"slot":3,"items":["minecraft:ender_pearl"]},{"slot":4,"items":["minecraft:soul_sand"]},{"slot":5,"items":["minecraft:gravel"]},{"slot":6,"items":["minecraft:iron_shovel"]},{"slot":7,"items":["minecraft:iron_pickaxe","minecraft:golden_pickaxe"]},{"slot":8,"items":["minecraft:iron_axe"]},{"slot":9,"items":["minecraft:crafting_table","minecraft:white_bed"]}]','["minecraft:cooked_porkchop"]',NULL,1,1768818233,1768818233);
INSERT INTO item_layouts VALUES('rpjutlchh6un0giem5picsg1','x9kgx3mc9sjeyedyn32htky4','EnterNether','[{"slot":1,"items":["minecraft:oak_boat"]},{"slot":2,"items":["minecraft:flint_and_steel"]},{"slot":4,"items":["minecraft:dirt"]},{"slot":5,"items":["minecraft:gravel","minecraft:gold_ingot"]},{"slot":6,"items":["minecraft:iron_shovel"]},{"slot":7,"items":["minecraft:iron_pickaxe"]},{"slot":8,"items":["minecraft:iron_axe"]},{"slot":9,"items":["minecraft:gold_ingot","minecraft:bucket"]}]','[]',NULL,2,1768818233,1768818233);
INSERT INTO item_layouts VALUES('dwxlg9xzzx7ce8bl9e0akrwn','x9kgx3mc9sjeyedyn32htky4','Overworld','[{"slot":1,"items":["minecraft:oak_boat"]},{"slot":2,"items":["minecraft:flint_and_steel"]},{"slot":4,"items":["minecraft:dirt"]},{"slot":5,"items":["minecraft:gravel","minecraft:oak_door"]},{"slot":6,"items":["minecraft:iron_shovel"]},{"slot":7,"items":["minecraft:iron_pickaxe"]},{"slot":8,"items":["minecraft:iron_axe"]},{"slot":9,"items":["minecraft:bucket"]}]','["minecraft:bucket"]',NULL,3,1768818233,1768818233);
INSERT INTO item_layouts VALUES('em8fk16eqxz4337n383ksohr','x436wo1dxmk5o2rxcwblmbad','Overworld','[{"slot":1,"items":["minecraft:oak_boat"]},{"slot":2,"items":["minecraft:iron_axe"]},{"slot":3,"items":["minecraft:iron_pickaxe"]},{"slot":4,"items":["minecraft:iron_shovel"]},{"slot":5,"items":["minecraft:oak_door"]},{"slot":6,"items":["minecraft:flint_and_steel"]},{"slot":7,"items":["minecraft:gravel"]},{"slot":8,"items":["minecraft:dirt"]},{"slot":9,"items":["minecraft:bucket"]}]','[]',NULL,0,1768818698,1768818698);
INSERT INTO item_layouts VALUES('ylzxfs7pss3fsicjmqfkh613','tdff58o2xsaquvdu40fqbbm9','Overworld','[{"slot":1,"items":["minecraft:iron_axe"]},{"slot":2,"items":["minecraft:iron_pickaxe"]},{"slot":3,"items":["minecraft:iron_shovel"]},{"slot":4,"items":["minecraft:oak_boat"]},{"slot":5,"items":["minecraft:flint_and_steel"]},{"slot":6,"items":["minecraft:dirt","minecraft:dark_oak_leaves","minecraft:oak_planks"]},{"slot":7,"items":["minecraft:oak_door"]},{"slot":8,"items":["minecraft:bucket"]},{"slot":9,"items":["minecraft:cooked_cod","minecraft:cooked_salmon"]}]','[]',NULL,0,1768819659,1768819659);
INSERT INTO item_layouts VALUES('d7xc3vco97aj9mgfvo8y2wvd','tdff58o2xsaquvdu40fqbbm9','Bastion','[{"slot":1,"items":["minecraft:iron_axe"]},{"slot":2,"items":["minecraft:iron_pickaxe"]},{"slot":3,"items":["minecraft:iron_shovel"]},{"slot":4,"items":["minecraft:oak_boat"]},{"slot":5,"items":["minecraft:golden_pickaxe"]},{"slot":6,"items":["minecraft:dirt"]},{"slot":7,"items":["minecraft:gold_ingot"]},{"slot":8,"items":["minecraft:gold_block"]},{"slot":9,"items":["minecraft:cooked_cod","minecraft:cooked_salmon"]}]','[]',NULL,1,1768819659,1768819659);
INSERT INTO item_layouts VALUES('fcj9c5rtgqky32mhtjawh4ub','tdff58o2xsaquvdu40fqbbm9','Fortress','[{"slot":1,"items":["minecraft:iron_axe","minecraft:diamond_sword"]},{"slot":2,"items":["minecraft:iron_pickaxe"]},{"slot":3,"items":["minecraft:iron_shovel","minecraft:iron_sword"]},{"slot":4,"items":["minecraft:oak_boat"]},{"slot":5,"items":["minecraft:ender_pearl"]},{"slot":6,"items":["minecraft:soul_sand"]},{"slot":7,"items":["minecraft:splash_potion.fire_resistance","minecraft:white_bed"]},{"slot":8,"items":["minecraft:gravel"]},{"slot":9,"items":["minecraft:nether_bricks"]}]','["minecraft:cooked_cod","minecraft:cooked_salmon"]',NULL,2,1768819659,1768819659);
INSERT INTO item_layouts VALUES('cdznyo2kf40euj36rqnarypk','tdff58o2xsaquvdu40fqbbm9','Blinded / Stronghold','[{"slot":1,"items":["minecraft:iron_axe"]},{"slot":2,"items":["minecraft:golden_pickaxe","minecraft:iron_pickaxe"]},{"slot":3,"items":["minecraft:iron_shovel"]},{"slot":4,"items":["minecraft:oak_boat"]},{"slot":5,"items":["minecraft:ender_pearl"]},{"slot":6,"items":["minecraft:soul_sand"]},{"slot":7,"items":["minecraft:obsidian"]},{"slot":8,"items":["minecraft:gravel"]},{"slot":9,"items":["minecraft:fire_charge"]}]','["minecraft:cooked_cod","minecraft:cooked_salmon"]',NULL,3,1768819659,1768819659);
INSERT INTO item_layouts VALUES('czzb0mqh7k48kkukpgyori4y','tdff58o2xsaquvdu40fqbbm9','Enter End (Zero)','[{"slot":1,"items":["minecraft:white_bed"]},{"slot":2,"items":["minecraft:ender_pearl"]},{"slot":3,"items":["minecraft:golden_pickaxe","minecraft:iron_pickaxe"]},{"slot":4,"items":["minecraft:glowstone"]},{"slot":5,"items":["minecraft:respawn_anchor","minecraft:crying_obsidian","minecraft:obsidian"]},{"slot":6,"items":["minecraft:cooked_cod","minecraft:cooked_salmon"]},{"slot":7,"items":["minecraft:bow","minecraft:crossbow"]},{"slot":8,"items":["minecraft:soul_sand"]},{"slot":9,"items":["minecraft:nether_bricks"]}]','[]',NULL,4,1768819659,1768819659);
INSERT INTO item_layouts VALUES('ox7knwzx2ohcu54387vkusfp','q5oraqnc78vo0idzajgllpb9','Overworld','[{"slot":1,"items":["minecraft:iron_pickaxe"]},{"slot":2,"items":["minecraft:bucket"]},{"slot":3,"items":["minecraft:iron_axe"]},{"slot":4,"items":["minecraft:flint_and_steel"]},{"slot":5,"items":["minecraft:dirt","minecraft:gravel","minecraft:oak_leaves"]},{"slot":6,"items":["minecraft:iron_shovel"]},{"slot":7,"items":["minecraft:oak_door"]},{"slot":8,"items":["minecraft:oak_planks"]},{"slot":9,"items":["minecraft:oak_boat"]}]','[]',NULL,0,1768821599,1768821599);
INSERT INTO item_layouts VALUES('c6i4x79rejg56qpa7c8arh52','rpf8ds6y7gwm7cjolh98ojgp','Overworld','[{"slot":1,"items":["minecraft:crafting_table"]},{"slot":2,"items":["minecraft:oak_boat"]},{"slot":3,"items":["minecraft:gravel"]},{"slot":4,"items":["minecraft:flint"]},{"slot":5,"items":["minecraft:oak_door"]},{"slot":6,"items":["minecraft:bucket"]},{"slot":7,"items":["minecraft:iron_pickaxe"]},{"slot":8,"items":["minecraft:iron_axe"]},{"slot":9,"items":["minecraft:iron_shovel"]}]','[]',NULL,0,1768821699,1768821699);
INSERT INTO item_layouts VALUES('in7wo059dg400iywfu88uylc','m7rwiysh0olayep1o7kp6fxj','Common','[{"slot":1,"items":["minecraft:iron_pickaxe"]},{"slot":2,"items":["minecraft:iron_axe"]},{"slot":3,"items":["minecraft:iron_shovel","minecraft:iron_sword"]},{"slot":4,"items":["minecraft:gold_ingot","minecraft:ender_pearl"]},{"slot":5,"items":["minecraft:white_bed"]},{"slot":6,"items":["minecraft:tnt","minecraft:flint_and_steel","minecraft:splash_potion","minecraft:potion"]},{"slot":7,"items":["minecraft:bucket"]},{"slot":8,"items":["minecraft:string","minecraft:glowstone_dust","minecraft:iron_bars","minecraft:glowstone","minecraft:gravel","minecraft:oak_boat"]},{"slot":9,"items":["minecraft:dirt","minecraft:soul_sand","minecraft:gravel"]}]','["minecraft:cooked_porkchop","minecraft:oak_door","minecraft:shield"]',NULL,0,1768824286,1768824286);
INSERT INTO item_layouts VALUES('y6fi6uggf6m7wmmllmck4980','bhq8datetxb7kk74tvjnyvxc','Overworld','[{"slot":1,"items":["minecraft:iron_shovel"]},{"slot":2,"items":["minecraft:iron_pickaxe"]},{"slot":3,"items":["minecraft:iron_axe"]},{"slot":4,"items":["minecraft:oak_door"]},{"slot":5,"items":[]},{"slot":6,"items":["minecraft:flint_and_steel"]},{"slot":7,"items":[]},{"slot":8,"items":["minecraft:dirt"]},{"slot":9,"items":["minecraft:oak_boat"]}]','["minecraft:bucket"]',NULL,0,1768830050,1768830050);
INSERT INTO item_layouts VALUES('keo2urt7a9d2iprf72xojgv0','bhq8datetxb7kk74tvjnyvxc','Bastion','[{"slot":1,"items":["minecraft:iron_shovel"]},{"slot":2,"items":["minecraft:iron_pickaxe"]},{"slot":3,"items":["minecraft:iron_axe"]},{"slot":4,"items":[]},{"slot":5,"items":[]},{"slot":6,"items":["minecraft:gold_ingot"]},{"slot":7,"items":["minecraft:flint_and_steel"]},{"slot":8,"items":["minecraft:dirt","minecraft:oak_planks","minecraft:oak_leaves"]},{"slot":9,"items":["minecraft:gold_block"]}]','["minecraft:cooked_cod","minecraft:cooked_salmon","minecraft:bread"]',NULL,1,1768830050,1768830050);
INSERT INTO item_layouts VALUES('olqebx4hgpnbvqyg93nlw7l8','bhq8datetxb7kk74tvjnyvxc','Fortress','[{"slot":1,"items":["minecraft:iron_shovel"]},{"slot":2,"items":["minecraft:iron_pickaxe"]},{"slot":3,"items":["minecraft:iron_axe"]},{"slot":4,"items":["minecraft:ender_pearl"]},{"slot":5,"items":[]},{"slot":6,"items":["minecraft:gravel"]},{"slot":7,"items":["minecraft:soul_sand"]},{"slot":8,"items":["minecraft:dirt","minecraft:oak_planks","minecraft:oak_leaves"]},{"slot":9,"items":["minecraft:acacia_boat"]}]','["minecraft:cooked_cod","minecraft:cooked_salmon","minecraft:bread"]',NULL,2,1768830050,1768830050);
INSERT INTO item_layouts VALUES('wy7nqouuenb7w0kvzgcy04mc','bhq8datetxb7kk74tvjnyvxc','Enter End (Zero)','[{"slot":1,"items":["minecraft:respawn_anchor"]},{"slot":2,"items":["minecraft:white_bed"]},{"slot":3,"items":["minecraft:ender_pearl"]},{"slot":4,"items":["minecraft:glowstone"]},{"slot":5,"items":["minecraft:crossbow"]},{"slot":6,"items":["minecraft:iron_pickaxe"]},{"slot":7,"items":[]},{"slot":8,"items":["minecraft:coarse_dirt","minecraft:nether_bricks"]},{"slot":9,"items":[]}]','[]',NULL,3,1768830050,1768830050);
INSERT INTO item_layouts VALUES('pytye9q9el9k5w1pkk1wmxbd','pz9edfoiw9deii5kprg3ceul','Overworld','[{"slot":1,"items":["minecraft:dirt","minecraft:oak_planks","minecraft:oak_leaves"]},{"slot":2,"items":["minecraft:iron_axe","minecraft:stone_axe"]},{"slot":3,"items":["minecraft:iron_pickaxe","minecraft:diamond_pickaxe","minecraft:golden_pickaxe"]},{"slot":4,"items":["minecraft:iron_shovel","minecraft:diamond_shovel","minecraft:stone_shovel"]},{"slot":5,"items":["minecraft:flint_and_steel"]},{"slot":6,"items":["minecraft:gravel"]},{"slot":7,"items":["minecraft:oak_door"]},{"slot":8,"items":["minecraft:cooked_salmon","minecraft:cooked_cod"]},{"slot":9,"items":["minecraft:oak_boat","minecraft:water_bucket"]}]','["minecraft:water_bucket"]',NULL,0,1768833315,1768833315);
INSERT INTO item_layouts VALUES('y79ag0yngiga8mnq2rrnqym5','pz9edfoiw9deii5kprg3ceul','Fortress','[{"slot":1,"items":["minecraft:soul_sand"]},{"slot":2,"items":["minecraft:iron_axe","minecraft:stone_axe","minecraft:diamond_sword"]},{"slot":3,"items":["minecraft:iron_pickaxe","minecraft:diamond_pickaxe","minecraft:golden_pickaxe"]},{"slot":4,"items":["minecraft:iron_shovel","minecraft:diamond_shovel","minecraft:stone_shovel"]},{"slot":5,"items":["minecraft:fire_charge"]},{"slot":6,"items":["minecraft:blaze_rod","minecraft:obsidian"]},{"slot":7,"items":["minecraft:ender_pearl","minecraft:ender_eye"]},{"slot":8,"items":["minecraft:gravel"]},{"slot":9,"items":["minecraft:jungle_boat"]}]','["minecraft:cooked_salmon","minecraft:cooked_cod"]',NULL,1,1768833315,1768833315);
INSERT INTO item_layouts VALUES('opoll769kv3dsfajfqli4t9p','pz9edfoiw9deii5kprg3ceul','Enter End','[{"slot":1,"items":["minecraft:nether_bricks"]},{"slot":2,"items":["minecraft:white_bed"]},{"slot":3,"items":["minecraft:iron_pickaxe","minecraft:diamond_pickaxe","minecraft:golden_pickaxe"]},{"slot":4,"items":["minecraft:ender_pearl"]},{"slot":5,"items":["minecraft:respawn_anchor","minecraft:crying_obsidian","minecraft:obsidian"]},{"slot":6,"items":["minecraft:bow","minecraft:crying_obsidian","minecraft:obsidian"]},{"slot":7,"items":["minecraft:soul_sand"]},{"slot":8,"items":["minecraft:gravel"]},{"slot":9,"items":["minecraft:oak_boat"]}]','["minecraft:cooked_salmon","minecraft:cooked_cod"]',NULL,2,1768833315,1768833315);
INSERT INTO item_layouts VALUES('nv2q0h6phkxpz2ys49y7pp3j','nnme6jt35irtjgtrclef7pit','Bastion','[{"slot":1,"items":["minecraft:iron_pickaxe"]},{"slot":2,"items":["minecraft:iron_axe"]},{"slot":3,"items":["minecraft:iron_shovel"]},{"slot":4,"items":["minecraft:oak_boat"]},{"slot":5,"items":["minecraft:flint_and_steel"]},{"slot":6,"items":["minecraft:golden_pickaxe"]},{"slot":7,"items":["minecraft:gold_block"]},{"slot":8,"items":["minecraft:gold_ingot"]},{"slot":9,"items":["minecraft:dirt"]}]','["minecraft:cooked_porkchop"]',NULL,0,1768835718,1768835718);
INSERT INTO item_layouts VALUES('rnthb8lvqnfml2a4341sxi5s','nnme6jt35irtjgtrclef7pit','BastionToFort','[{"slot":1,"items":["minecraft:iron_pickaxe"]},{"slot":2,"items":["minecraft:iron_axe"]},{"slot":3,"items":["minecraft:iron_shovel"]},{"slot":4,"items":["minecraft:oak_boat"]},{"slot":5,"items":["minecraft:ender_pearl"]},{"slot":8,"items":["minecraft:gravel"]},{"slot":9,"items":["minecraft:dirt"]}]','["minecraft:cooked_porkchop"]',NULL,1,1768835718,1768835718);
INSERT INTO item_layouts VALUES('sva3sbxxcftfje5xqry7d9qq','nnme6jt35irtjgtrclef7pit','EnterEnd','[{"slot":1,"items":["minecraft:iron_pickaxe"]},{"slot":2,"items":["minecraft:iron_axe"]},{"slot":3,"items":["minecraft:iron_shovel"]},{"slot":4,"items":["minecraft:oak_boat"]},{"slot":5,"items":["minecraft:ender_eye"]},{"slot":7,"items":["minecraft:ender_pearl"]},{"slot":8,"items":["minecraft:gravel"]},{"slot":9,"items":["minecraft:dirt"]}]','["minecraft:cooked_porkchop"]',NULL,2,1768835718,1768835718);
INSERT INTO item_layouts VALUES('mqdp0q6i46ivix86i1dp4bkz','nnme6jt35irtjgtrclef7pit','EnterEndZero','[{"slot":8,"items":["minecraft:gravel"]},{"slot":9,"items":["minecraft:dirt"]}]','["minecraft:iron_pickaxe","minecraft:golden_pickaxe"]','Zeroに必要なアイテムをインベントリ内から適当に持ってきてその時々で配置が変わる',3,1768835718,1768835718);
INSERT INTO item_layouts VALUES('byukjnmnk4n51ghcbq8wo1pw','nnme6jt35irtjgtrclef7pit','EnterNether','[{"slot":1,"items":["minecraft:iron_pickaxe"]},{"slot":2,"items":["minecraft:iron_axe"]},{"slot":3,"items":["minecraft:iron_shovel"]},{"slot":4,"items":["minecraft:oak_boat"]},{"slot":5,"items":["minecraft:flint_and_steel"]},{"slot":9,"items":["minecraft:dirt"]}]','[]',NULL,4,1768835718,1768835718);
INSERT INTO item_layouts VALUES('wf8shq9lbti7jdlbv4u2c4qw','nnme6jt35irtjgtrclef7pit','Fortress','[{"slot":1,"items":["minecraft:iron_pickaxe"]},{"slot":2,"items":["minecraft:iron_axe"]},{"slot":3,"items":["minecraft:iron_shovel","minecraft:iron_sword"]},{"slot":4,"items":["minecraft:oak_boat"]},{"slot":5,"items":["minecraft:obsidian"]},{"slot":6,"items":["minecraft:fire_charge"]},{"slot":8,"items":["minecraft:gravel"]},{"slot":9,"items":["minecraft:dirt"]}]','["minecraft:cooked_porkchop"]',NULL,5,1768835718,1768835718);
INSERT INTO item_layouts VALUES('dgii0wrd4bt3lppou7w6sman','nnme6jt35irtjgtrclef7pit','Overworld','[{"slot":1,"items":["minecraft:iron_pickaxe"]},{"slot":2,"items":["minecraft:iron_axe"]},{"slot":3,"items":["minecraft:iron_shovel"]},{"slot":4,"items":["minecraft:oak_boat"]},{"slot":5,"items":["minecraft:flint_and_steel"]},{"slot":6,"items":["minecraft:dirt"]},{"slot":8,"items":["minecraft:oak_door"]},{"slot":9,"items":["minecraft:dirt"]}]','[]',NULL,6,1768835718,1768835718);
INSERT INTO item_layouts VALUES('xaw4l1aifbtkpx5ye2jxrfmg','nnme6jt35irtjgtrclef7pit','Stronghold','[{"slot":1,"items":["minecraft:iron_pickaxe","minecraft:golden_pickaxe"]},{"slot":2,"items":["minecraft:iron_axe"]},{"slot":3,"items":["minecraft:iron_sword","minecraft:iron_shovel"]},{"slot":4,"items":["minecraft:oak_boat"]},{"slot":5,"items":["minecraft:fire_charge"]},{"slot":6,"items":["minecraft:obsidian"]},{"slot":7,"items":["minecraft:ender_pearl"]},{"slot":8,"items":["minecraft:gravel"]},{"slot":9,"items":["minecraft:dirt"]}]','["minecraft:cooked_porkchop"]',NULL,7,1768835718,1768835718);
INSERT INTO item_layouts VALUES('o1eqvbm5cyiicepl6x2u3cae','omjsgv6srjjg8memg6kt4eie','Bastion','[{"slot":1,"items":["minecraft:acacia_boat"]},{"slot":2,"items":["minecraft:gravel"]},{"slot":3,"items":["minecraft:dirt","minecraft:acacia_leaves"]},{"slot":4,"items":["minecraft:acacia_door"]},{"slot":5,"items":["minecraft:flint_and_steel"]},{"slot":6,"items":["minecraft:lava_bucket"]},{"slot":7,"items":["minecraft:iron_shovel"]},{"slot":8,"items":["minecraft:iron_pickaxe"]},{"slot":9,"items":["minecraft:iron_axe"]}]','["minecraft:cooked_porkchop"]',NULL,0,1768913974,1768913974);
INSERT INTO item_layouts VALUES('c55yic0lr0njnv560zk20qjs','omjsgv6srjjg8memg6kt4eie','BastionToFort','[{"slot":1,"items":["minecraft:acacia_boat"]},{"slot":2,"items":["minecraft:gravel"]},{"slot":3,"items":["minecraft:soul_sand"]},{"slot":4,"items":["minecraft:ender_pearl"]},{"slot":5,"items":["minecraft:splash_potion.fire_resistance"]},{"slot":7,"items":["minecraft:iron_shovel"]},{"slot":8,"items":["minecraft:iron_pickaxe"]},{"slot":9,"items":["minecraft:iron_axe"]},{"slot":6,"items":["minecraft:white_bed"]}]','["minecraft:cooked_porkchop"]',NULL,1,1768913974,1768913974);
INSERT INTO item_layouts VALUES('hfnbutgctk3dsutck42dvpn5','omjsgv6srjjg8memg6kt4eie','EnterEnd','[{"slot":1,"items":["minecraft:acacia_boat"]},{"slot":2,"items":["minecraft:gravel"]},{"slot":3,"items":["minecraft:soul_sand"]},{"slot":4,"items":["minecraft:ender_pearl"]},{"slot":5,"items":["minecraft:ender_eye"]},{"slot":6,"items":["minecraft:obsidian"]},{"slot":7,"items":["minecraft:iron_shovel"]},{"slot":8,"items":["minecraft:iron_pickaxe"]},{"slot":9,"items":["minecraft:iron_axe"]}]','["minecraft:cooked_porkchop"]',NULL,2,1768913974,1768913974);
INSERT INTO item_layouts VALUES('hnsttebj4hjxay0svos8slsq','omjsgv6srjjg8memg6kt4eie','EnterEndZero','[{"slot":1,"items":["minecraft:acacia_boat"]},{"slot":2,"items":["minecraft:nether_bricks"]},{"slot":3,"items":["minecraft:soul_sand"]},{"slot":4,"items":["minecraft:ender_pearl"]},{"slot":5,"items":["minecraft:respawn_anchor"]},{"slot":7,"items":["minecraft:bow","minecraft:crossbow"]},{"slot":8,"items":["minecraft:iron_pickaxe","minecraft:golden_pickaxe"]},{"slot":9,"items":["minecraft:white_bed"]},{"slot":6,"items":["minecraft:obsidian","minecraft:crying_obsidian"]}]','["minecraft:cooked_porkchop"]','何でものところにアンカーとグロウストーン',3,1768913974,1768913974);
INSERT INTO item_layouts VALUES('xt84myf0lh4c99tf2lq3fo9b','omjsgv6srjjg8memg6kt4eie','EnterNether','[{"slot":1,"items":["minecraft:acacia_boat"]},{"slot":2,"items":["minecraft:gravel"]},{"slot":3,"items":["minecraft:acacia_leaves","minecraft:dirt"]},{"slot":4,"items":["minecraft:acacia_door"]},{"slot":5,"items":["minecraft:flint_and_steel"]},{"slot":6,"items":["minecraft:lava_bucket"]},{"slot":7,"items":["minecraft:iron_shovel"]},{"slot":8,"items":["minecraft:iron_pickaxe"]},{"slot":9,"items":["minecraft:iron_axe"]}]','["minecraft:cooked_porkchop"]',NULL,4,1768913974,1768913974);
INSERT INTO item_layouts VALUES('nmegf4hvznd5bhc9mwyz2d9r','omjsgv6srjjg8memg6kt4eie','Fortress','[{"slot":1,"items":["minecraft:acacia_boat"]},{"slot":2,"items":["minecraft:gravel"]},{"slot":3,"items":["minecraft:soul_sand"]},{"slot":4,"items":["minecraft:ender_pearl"]},{"slot":5,"items":["minecraft:iron_sword","minecraft:splash_potion.fire_resistance","minecraft:blaze_rod"]},{"slot":6,"items":["minecraft:white_bed","minecraft:tnt"]},{"slot":7,"items":["minecraft:iron_shovel"]},{"slot":8,"items":["minecraft:iron_pickaxe"]},{"slot":9,"items":["minecraft:iron_axe"]}]','["minecraft:cooked_porkchop"]',NULL,5,1768913974,1768913974);
INSERT INTO item_layouts VALUES('w0s23g4cj5nxvrxnw4i8s2t9','omjsgv6srjjg8memg6kt4eie','Overworld','[{"slot":1,"items":["minecraft:acacia_boat"]},{"slot":2,"items":["minecraft:gravel"]},{"slot":3,"items":["minecraft:acacia_leaves","minecraft:dirt"]},{"slot":4,"items":["minecraft:carrot","minecraft:cooked_salmon","minecraft:cooked_cod","minecraft:bread"]},{"slot":5,"items":["minecraft:flint_and_steel"]},{"slot":6,"items":["minecraft:lava_bucket"]},{"slot":7,"items":["minecraft:iron_shovel"]},{"slot":8,"items":["minecraft:iron_pickaxe"]},{"slot":9,"items":["minecraft:iron_axe"]}]','["minecraft:acacia_door"]','ホットバー9はバケツ',6,1768913974,1768913974);
INSERT INTO item_layouts VALUES('b34mbb4ewu9ts8j3t54au9nf','omjsgv6srjjg8memg6kt4eie','Stronghold','[{"slot":1,"items":["minecraft:acacia_boat"]},{"slot":2,"items":["minecraft:nether_bricks"]},{"slot":3,"items":["minecraft:soul_sand"]},{"slot":4,"items":["minecraft:ender_pearl"]},{"slot":5,"items":["minecraft:ender_eye"]},{"slot":6,"items":["minecraft:obsidian"]},{"slot":7,"items":["minecraft:iron_shovel"]},{"slot":8,"items":["minecraft:iron_pickaxe"]},{"slot":9,"items":["minecraft:iron_axe"]}]','["minecraft:cooked_porkchop","minecraft:red_bed"]',NULL,7,1768913974,1768913974);
CREATE TABLE IF NOT EXISTS `key_remaps` (
	`id` text PRIMARY KEY NOT NULL,
	`user_id` text NOT NULL,
	`source_key` text NOT NULL,
	`target_key` text,
	`software` text,
	`notes` text,
	`created_at` integer NOT NULL,
	`updated_at` integer NOT NULL,
	FOREIGN KEY (`user_id`) REFERENCES `users`(`id`) ON UPDATE no action ON DELETE cascade
);
INSERT INTO key_remaps VALUES('i4q4zdbiu7njzpjtkioiymik','q5kktc9y6u1cy5t1f9w7iw7r','CapsLock','KeyY',NULL,NULL,1768806629,1768806629);
INSERT INTO key_remaps VALUES('n4teitff8avxz2snmq7rkwly','q5kktc9y6u1cy5t1f9w7iw7r','MetaLeft','ShiftRight',NULL,NULL,1768806629,1768806629);
INSERT INTO key_remaps VALUES('d871uy3oax0tsw16z0nefync','q5kktc9y6u1cy5t1f9w7iw7r','KeyD','KeyS',NULL,NULL,1768806629,1768806629);
INSERT INTO key_remaps VALUES('d39anoawz2fummcha9hl1z33','q5kktc9y6u1cy5t1f9w7iw7r','KeyS','E',NULL,NULL,1768806629,1768806629);
INSERT INTO key_remaps VALUES('oahz960vqrcq9257k8ryz6kg','q5kktc9y6u1cy5t1f9w7iw7r','KeyA','Ä',NULL,NULL,1768806629,1768806629);
INSERT INTO key_remaps VALUES('xlhkse1zo3bzo3sujmw4yknn','q5kktc9y6u1cy5t1f9w7iw7r','KeyW','Backspace',NULL,NULL,1768806629,1768806629);
INSERT INTO key_remaps VALUES('wkigatgh6q7yt4wab6l7ybth','q5kktc9y6u1cy5t1f9w7iw7r','KeyQ','0',NULL,NULL,1768806629,1768806629);
INSERT INTO key_remaps VALUES('i4zrzraxeyarqp1qvzam0jz6','q5kktc9y6u1cy5t1f9w7iw7r','F1','F12',NULL,NULL,1768806629,1768806629);
INSERT INTO key_remaps VALUES('w3whgnuq4aji5sq5bsqh4df6','q5kktc9y6u1cy5t1f9w7iw7r','F12','F1',NULL,NULL,1768806629,1768806629);
INSERT INTO key_remaps VALUES('vvq0y33c03p0pmnvgp62e1h8','q5kktc9y6u1cy5t1f9w7iw7r','KeyE','KeyH',NULL,NULL,1768806629,1768806629);
INSERT INTO key_remaps VALUES('kq5r9626f3to5j0rjw56339u','q5kktc9y6u1cy5t1f9w7iw7r','KeyR','KeyD',NULL,NULL,1768806629,1768806629);
INSERT INTO key_remaps VALUES('kzvlmh0a604llwkrqa9aglxg','q5kktc9y6u1cy5t1f9w7iw7r','KeyT','Å',NULL,NULL,1768806629,1768806629);
INSERT INTO key_remaps VALUES('fx14bzk70jgz7p1a1ls4q2dv','q5kktc9y6u1cy5t1f9w7iw7r','Digit0',NULL,NULL,NULL,1768806629,1768806629);
INSERT INTO key_remaps VALUES('dcs539c5zg7u33eursfzcjda','q5kktc9y6u1cy5t1f9w7iw7r','KeyC','T',NULL,NULL,1768806629,1768806629);
INSERT INTO key_remaps VALUES('gq1qk3q9gz7tph38i693477v','q5kktc9y6u1cy5t1f9w7iw7r','KeyZ','R',NULL,NULL,1768806629,1768806629);
INSERT INTO key_remaps VALUES('e4342inn0w5m3vdm3lxkar1q','q5kktc9y6u1cy5t1f9w7iw7r','KeyX','KeyN',NULL,NULL,1768806629,1768806629);
INSERT INTO key_remaps VALUES('sftniq2kf7us1euyvtud6tgl','q5kktc9y6u1cy5t1f9w7iw7r','KeyN','KeyX',NULL,NULL,1768806629,1768806629);
INSERT INTO key_remaps VALUES('rxmze42q500yyvo95qs2nyp0','q5kktc9y6u1cy5t1f9w7iw7r','KeyY',NULL,NULL,NULL,1768806629,1768806629);
INSERT INTO key_remaps VALUES('y63c98cgjizj2iwutpki32t8','q5kktc9y6u1cy5t1f9w7iw7r','Backquote','KeyC',NULL,NULL,1768806629,1768806629);
INSERT INTO key_remaps VALUES('tdjfdaukealjs6wz3xsymnvs','q5kktc9y6u1cy5t1f9w7iw7r','KeyH','KeyL',NULL,NULL,1768806629,1768806629);
INSERT INTO key_remaps VALUES('t5qafdykc4za3izi1a6gds6t','q5kktc9y6u1cy5t1f9w7iw7r','KeyL',NULL,NULL,NULL,1768806629,1768806629);
INSERT INTO key_remaps VALUES('q3l1urkmr3lcg0g5c76jmy9n','q5kktc9y6u1cy5t1f9w7iw7r','Mouse4','F3',NULL,NULL,1768806629,1768806629);
INSERT INTO key_remaps VALUES('wq7dsttdiyi2w8evpo0wueb7','q5kktc9y6u1cy5t1f9w7iw7r','F3',NULL,NULL,NULL,1768806629,1768806629);
INSERT INTO key_remaps VALUES('rbv10ls694prticog55t50fv','tdff58o2xsaquvdu40fqbbm9','KEYQ','KEYO','AHK',NULL,1768818123,1768891435);
INSERT INTO key_remaps VALUES('bqycosqt8bsd7tarioncts48','tdff58o2xsaquvdu40fqbbm9','CAPSLOCK','SHIFTRIGHT','AHK',NULL,1768818123,1768891435);
INSERT INTO key_remaps VALUES('c8rhfsb5oyleg7trm6doa9gr','x9kgx3mc9sjeyedyn32htky4','KeyW','Backspace',NULL,NULL,1768818228,1768818228);
INSERT INTO key_remaps VALUES('x1ngkkgekfh5km15z3slkbop','x9kgx3mc9sjeyedyn32htky4','KeyX','KeyT',NULL,NULL,1768818228,1768818228);
INSERT INTO key_remaps VALUES('obrtalp6na3pq1tee57bchos','x9kgx3mc9sjeyedyn32htky4','F3','KeyX',NULL,NULL,1768818228,1768818228);
INSERT INTO key_remaps VALUES('q36ewuynb5uv2hgiimves537','x9kgx3mc9sjeyedyn32htky4','Tab','Digit8',NULL,NULL,1768818228,1768818228);
INSERT INTO key_remaps VALUES('lnr7i3skdn03gnpckuypzsjz','x9kgx3mc9sjeyedyn32htky4','Escape','6',NULL,NULL,1768818228,1768818228);
INSERT INTO key_remaps VALUES('u6icods42m717hhc04zqxzx7','x9kgx3mc9sjeyedyn32htky4','Backspace','KeyW',NULL,NULL,1768818228,1768818228);
INSERT INTO key_remaps VALUES('rpgtxfmwlnwmxi412qbd0fmn','x9kgx3mc9sjeyedyn32htky4','CapsLock','KeyI',NULL,NULL,1768818228,1768818228);
INSERT INTO key_remaps VALUES('a5wwp0lunblglxyy3jqxn4n1','x9kgx3mc9sjeyedyn32htky4','Mouse3','KeyK',NULL,NULL,1768818228,1768818228);
INSERT INTO key_remaps VALUES('t0496xhesmcbgqvi9xhbacag','x9kgx3mc9sjeyedyn32htky4','Mouse4','RShift',NULL,NULL,1768818228,1768818228);
INSERT INTO key_remaps VALUES('purww71mso9mre0t5o7fnzf8','x9kgx3mc9sjeyedyn32htky4','Digit0','KeyQ',NULL,NULL,1768818228,1768818228);
INSERT INTO key_remaps VALUES('e8z33urfsiqa3a921temon5w','x9kgx3mc9sjeyedyn32htky4','Digit6','Esc',NULL,NULL,1768818228,1768818228);
INSERT INTO key_remaps VALUES('fnbcr79p635ozagwkl86v9jf','x9kgx3mc9sjeyedyn32htky4','Digit8','x',NULL,NULL,1768818228,1768818228);
INSERT INTO key_remaps VALUES('elr0hh6kpi2flcfn1w60ujky','x9kgx3mc9sjeyedyn32htky4','KeyA','KeyO',NULL,NULL,1768818228,1768818228);
INSERT INTO key_remaps VALUES('q51kw1j80qqylxed7by3373j','x9kgx3mc9sjeyedyn32htky4','KeyD','KeyW',NULL,NULL,1768818228,1768818228);
INSERT INTO key_remaps VALUES('refaep3cb1af6rriqhfgtr18','x9kgx3mc9sjeyedyn32htky4','KeyE','Tab',NULL,NULL,1768818228,1768818228);
INSERT INTO key_remaps VALUES('q6u4g98pel7cs89v0bcgm5o3','x9kgx3mc9sjeyedyn32htky4','KeyN','0',NULL,NULL,1768818228,1768818228);
INSERT INTO key_remaps VALUES('avcsef43g8n5t35f7we0am7e','x9kgx3mc9sjeyedyn32htky4','KeyQ','F3',NULL,NULL,1768818228,1768818228);
INSERT INTO key_remaps VALUES('sxq46z3mg7i1xxw9kr0dpzws','x9kgx3mc9sjeyedyn32htky4','KeyS','N',NULL,NULL,1768818228,1768818228);
INSERT INTO key_remaps VALUES('ucc79875zfey7ogb83gmbzgd','x9kgx3mc9sjeyedyn32htky4','KeyT','KeyE',NULL,NULL,1768818228,1768818228);
INSERT INTO key_remaps VALUES('b41uf53n6tbnz78y6d7vbwox','x9kgx3mc9sjeyedyn32htky4','KeyZ','KeyS',NULL,NULL,1768818228,1768818228);
INSERT INTO key_remaps VALUES('rf3c59v6ifafzhnssggr064u','x9kgx3mc9sjeyedyn32htky4','ShiftRight','Mouse3',NULL,NULL,1768818228,1768818228);
INSERT INTO key_remaps VALUES('ypyetkkw2okaskc2lyggcjnb','x9kgx3mc9sjeyedyn32htky4','KeyI','CapsLock',NULL,NULL,1768818228,1768818228);
INSERT INTO key_remaps VALUES('gbhlca6dzf1r2od6b5y584ap','x436wo1dxmk5o2rxcwblmbad','CapsLock','RShift',NULL,NULL,1768818698,1768818698);
INSERT INTO key_remaps VALUES('wbbnjlba7ll9i1wt2ao02m17','uov46rhs9eew12vtxt6muilq','CUSTOMKEY2','F3',NULL,NULL,1768822644,1768910954);
INSERT INTO key_remaps VALUES('pf0tra27acq4dmj4w7fklkvk','dlmr15u5lmmz3e1uby1onmo4','Mouse3','F3',NULL,NULL,1768822827,1768822827);
INSERT INTO key_remaps VALUES('js37curzcy6xy63j1ivc1buf','dlmr15u5lmmz3e1uby1onmo4','Mouse4','F5',NULL,NULL,1768822827,1768822827);
INSERT INTO key_remaps VALUES('voabtrdvb25l9894yuwnivjh','dlmr15u5lmmz3e1uby1onmo4','F1','F7',NULL,NULL,1768822827,1768822827);
INSERT INTO key_remaps VALUES('jfokpmg55gjc1bk29egzjk82','dlmr15u5lmmz3e1uby1onmo4','F7','F1',NULL,NULL,1768822827,1768822827);
INSERT INTO key_remaps VALUES('hkn2lbsjtq5oeztxibz0mrac','dlmr15u5lmmz3e1uby1onmo4','Tab','RShift',NULL,NULL,1768822827,1768822827);
INSERT INTO key_remaps VALUES('sefyr8kt2dymcf3nndt7staf','dlmr15u5lmmz3e1uby1onmo4','CapsLock','LCtrl',NULL,NULL,1768822827,1768822827);
INSERT INTO key_remaps VALUES('ur6ah3rlpfrkclummv4784wt','dlmr15u5lmmz3e1uby1onmo4','ControlLeft','LCtrl',NULL,NULL,1768822827,1768822827);
INSERT INTO key_remaps VALUES('e8kddqerb0qx51n5p5vyjju5','uov46rhs9eew12vtxt6muilq','MOUSE2','F6',NULL,NULL,1768823255,1768910954);
INSERT INTO key_remaps VALUES('uddy3jhoxldk6emcnr7mg02r','m7rwiysh0olayep1o7kp6fxj','TAB','RSHIFT',NULL,NULL,1768824285,1768825510);
INSERT INTO key_remaps VALUES('jnddiwwmvslb4c5d4tz60ppl','m7rwiysh0olayep1o7kp6fxj','ALTLEFT','F3',NULL,NULL,1768824285,1768825510);
INSERT INTO key_remaps VALUES('clihkaqd9qswxy4nfexacmhb','m7rwiysh0olayep1o7kp6fxj','METALEFT','WORLD.1',NULL,NULL,1768824285,1768825510);
INSERT INTO key_remaps VALUES('ssw06d6hsql43l5wvw2kph2f','m7rwiysh0olayep1o7kp6fxj','CONTROLRIGHT','TAB',NULL,NULL,1768824285,1768825510);
INSERT INTO key_remaps VALUES('rwgu6dwnn0vzpnz4gm86d5pn','m7rwiysh0olayep1o7kp6fxj','CAPSLOCK','BACKSPACE',NULL,NULL,1768825503,1768825503);
INSERT INTO key_remaps VALUES('gtqthketwpipcywk1exmyi59','nnme6jt35irtjgtrclef7pit','KEYA','-',NULL,NULL,1768835716,1768837097);
INSERT INTO key_remaps VALUES('kljcmd0i7er6z991f5d2p0lv','nnme6jt35irtjgtrclef7pit','KEYE','O',NULL,NULL,1768835716,1768837097);
INSERT INTO key_remaps VALUES('f8o5dm9zsx1uhl6nnb5npf4c','nnme6jt35irtjgtrclef7pit','KEYQ','N',NULL,NULL,1768835716,1768837097);
INSERT INTO key_remaps VALUES('jc9osemz0nm37zu8pjnk1luj','nnme6jt35irtjgtrclef7pit','KEYW','BACKSPACE',NULL,NULL,1768835716,1768837097);
INSERT INTO key_remaps VALUES('o9ut51iypcoevw2mfh740jql','nnme6jt35irtjgtrclef7pit','CONTEXTMENU','RCTRL',NULL,NULL,1768835716,1768837097);
INSERT INTO key_remaps VALUES('xvdb32jkv9g5p6ja29mc4rfl','nnme6jt35irtjgtrclef7pit','ALTLEFT','LCTRL',NULL,NULL,1768835716,1768837097);
INSERT INTO key_remaps VALUES('svqad3xq34eumbgdqomf7szl','nnme6jt35irtjgtrclef7pit','METALEFT','LALT',NULL,NULL,1768835716,1768837097);
INSERT INTO key_remaps VALUES('zog94kqw0ul1k956tayfvv9t','nnme6jt35irtjgtrclef7pit','CAPSLOCK','LSHIFT',NULL,NULL,1768835716,1768837097);
INSERT INTO key_remaps VALUES('dfg4mkk7sh83wdrprygawa80','nnme6jt35irtjgtrclef7pit','ALTRIGHT','RCTRL',NULL,NULL,1768835716,1768837097);
INSERT INTO key_remaps VALUES('z79edj89im7nlq0ib6xui2kw','nnme6jt35irtjgtrclef7pit','METARIGHT','RALT',NULL,NULL,1768835716,1768837097);
INSERT INTO key_remaps VALUES('fg2jamnuxpyhznto8mp600il','nnme6jt35irtjgtrclef7pit','CONTROLLEFT','CAPSLOCK',NULL,NULL,1768835716,1768837097);
INSERT INTO key_remaps VALUES('lb0ihp1f2atjyrh2zwiqf6vd','nnme6jt35irtjgtrclef7pit','KEYT','∅',NULL,NULL,1768837085,1768837085);
INSERT INTO key_remaps VALUES('m4ubhp33cbd6mwp83vmdersb','omjsgv6srjjg8memg6kt4eie','Mouse3','Backspace',NULL,NULL,1768912401,1768912401);
INSERT INTO key_remaps VALUES('hbczef0zy2uvbxxm85ljfqou','omjsgv6srjjg8memg6kt4eie','Mouse4','Home',NULL,NULL,1768912401,1768912401);
INSERT INTO key_remaps VALUES('kqhnkria24ko1pevjjrsy923','omjsgv6srjjg8memg6kt4eie','KeyA','O',NULL,NULL,1768912401,1768912401);
INSERT INTO key_remaps VALUES('ahyrwblner62c0w6lesoicyd','omjsgv6srjjg8memg6kt4eie','KeyC','.',NULL,NULL,1768912401,1768912401);
INSERT INTO key_remaps VALUES('k80uhobtnl61u3jhz5v0qsbl','omjsgv6srjjg8memg6kt4eie','KeyD','N',NULL,NULL,1768912401,1768912401);
INSERT INTO key_remaps VALUES('wfaqtqjnmbh6pf6mtmjltpvd','omjsgv6srjjg8memg6kt4eie','KeyE','A',NULL,NULL,1768912401,1768912401);
INSERT INTO key_remaps VALUES('pdb6rsqxqf5uzkhhudu7250i','omjsgv6srjjg8memg6kt4eie','KeyF','B',NULL,NULL,1768912401,1768912401);
INSERT INTO key_remaps VALUES('cfd1hsc4i9gosolp1lyhlqaj','omjsgv6srjjg8memg6kt4eie','KeyQ','-',NULL,NULL,1768912401,1768912401);
INSERT INTO key_remaps VALUES('b3pcv1lvlxgw1vwhafztpxbn','omjsgv6srjjg8memg6kt4eie','KeyR','G',NULL,NULL,1768912401,1768912401);
INSERT INTO key_remaps VALUES('awxt3dhskf7q6esv8zgv9pqv','omjsgv6srjjg8memg6kt4eie','KeyW','U',NULL,NULL,1768912401,1768912401);
INSERT INTO key_remaps VALUES('h22zjaqe921ic9owiwfe6t0g','omjsgv6srjjg8memg6kt4eie','KeyX','D',NULL,NULL,1768912401,1768912401);
INSERT INTO key_remaps VALUES('grnmf9r0270brt43wd1v36cg','omjsgv6srjjg8memg6kt4eie','KeyZ','I',NULL,NULL,1768912401,1768912401);
INSERT INTO key_remaps VALUES('ov4gzv9xzbrr1oqgqav5pws0','omjsgv6srjjg8memg6kt4eie','CapsLock','RShift',NULL,NULL,1768912401,1768912401);
CREATE TABLE IF NOT EXISTS `keybindings` (
	`id` text PRIMARY KEY NOT NULL,
	`user_id` text NOT NULL,
	`action` text NOT NULL,
	`key_code` text NOT NULL,
	`category` text NOT NULL,
	`created_at` integer NOT NULL,
	`updated_at` integer NOT NULL,
	FOREIGN KEY (`user_id`) REFERENCES `users`(`id`) ON UPDATE no action ON DELETE cascade
);
INSERT INTO keybindings VALUES('a0gl2mpa8jl5l416rioamot9','q5kktc9y6u1cy5t1f9w7iw7r','forward','KeyW','movement',1768806624,1768806624);
INSERT INTO keybindings VALUES('py5yd0cb34wahglgnjfvtifq','q5kktc9y6u1cy5t1f9w7iw7r','back','KeyS','movement',1768806624,1768806624);
INSERT INTO keybindings VALUES('ttgesopwts8694q6qcyi6nf5','q5kktc9y6u1cy5t1f9w7iw7r','left','KeyA','movement',1768806624,1768806624);
INSERT INTO keybindings VALUES('kc5tc69dky9l3xnw23rnc8es','q5kktc9y6u1cy5t1f9w7iw7r','right','KeyD','movement',1768806624,1768806624);
INSERT INTO keybindings VALUES('ewbcphlpj8k4bg56zugjzsv6','q5kktc9y6u1cy5t1f9w7iw7r','jump','Space','movement',1768806624,1768806624);
INSERT INTO keybindings VALUES('fbgb9gxgugu057ip349dd0b7','q5kktc9y6u1cy5t1f9w7iw7r','sneak','ShiftLeft','movement',1768806624,1768806624);
INSERT INTO keybindings VALUES('m59nx8em4qvjdqk6t0fjkgvh','q5kktc9y6u1cy5t1f9w7iw7r','sprint','KeyM','movement',1768806624,1768806624);
INSERT INTO keybindings VALUES('z0vinity2kpdwx3c1m8c35x7','q5kktc9y6u1cy5t1f9w7iw7r','attack','Mouse0','combat',1768806624,1768806624);
INSERT INTO keybindings VALUES('ercfqkglg6ddyq5l7fpsrt66','q5kktc9y6u1cy5t1f9w7iw7r','use','Mouse1','combat',1768806624,1768806624);
INSERT INTO keybindings VALUES('ji1bxetuynmwdgjphk36jnlz','q5kktc9y6u1cy5t1f9w7iw7r','pickBlock','AltLeft','combat',1768806624,1768806624);
INSERT INTO keybindings VALUES('b569tpw5w8sz1odxxgqh0eb4','q5kktc9y6u1cy5t1f9w7iw7r','drop','KeyC','combat',1768806624,1768806624);
INSERT INTO keybindings VALUES('lne4z3g6kuo5ndkebkjycock','q5kktc9y6u1cy5t1f9w7iw7r','inventory','KeyE','inventory',1768806624,1768806624);
INSERT INTO keybindings VALUES('tf0r9aa8z5l2wa0bt7xadlyj','q5kktc9y6u1cy5t1f9w7iw7r','swapHands','CapsLock','inventory',1768806624,1768806624);
INSERT INTO keybindings VALUES('iut01674oa5mm1ypy0zvtrhv','q5kktc9y6u1cy5t1f9w7iw7r','hotbar1','KeyQ','inventory',1768806624,1768806624);
INSERT INTO keybindings VALUES('b0nm17759u2sxloxprpyfkzn','q5kktc9y6u1cy5t1f9w7iw7r','hotbar2','Digit1','inventory',1768806624,1768806624);
INSERT INTO keybindings VALUES('x738tos5zoccvbkvrkfswzw7','q5kktc9y6u1cy5t1f9w7iw7r','hotbar3','Digit2','inventory',1768806624,1768806624);
INSERT INTO keybindings VALUES('n553e5p83boi8e194h7ukzrd','q5kktc9y6u1cy5t1f9w7iw7r','hotbar4','Digit3','inventory',1768806624,1768806624);
INSERT INTO keybindings VALUES('crll82ao521ghroqgfvl1qzd','q5kktc9y6u1cy5t1f9w7iw7r','hotbar5','KeyV','inventory',1768806624,1768806624);
INSERT INTO keybindings VALUES('polugyro00mm0mx8nkklp89h','q5kktc9y6u1cy5t1f9w7iw7r','hotbar6','KeyT','inventory',1768806624,1768806624);
INSERT INTO keybindings VALUES('boo1aggqcbt7jaqld21db667','q5kktc9y6u1cy5t1f9w7iw7r','hotbar7','KeyG','inventory',1768806624,1768806624);
INSERT INTO keybindings VALUES('f7x8nkobow74sqnca0ujqjc3','q5kktc9y6u1cy5t1f9w7iw7r','hotbar8','KeyR','inventory',1768806624,1768806624);
INSERT INTO keybindings VALUES('hj2m04bm34vnps4chd396ec8','q5kktc9y6u1cy5t1f9w7iw7r','hotbar9','KeyF','inventory',1768806624,1768806624);
INSERT INTO keybindings VALUES('scwurcrgykrp1bo38d3h5aow','q5kktc9y6u1cy5t1f9w7iw7r','togglePerspective','Tab','ui',1768806624,1768806624);
INSERT INTO keybindings VALUES('whb6ccfl9vnex9s8zlcrvayn','q5kktc9y6u1cy5t1f9w7iw7r','fullscreen','F11','ui',1768806624,1768806624);
INSERT INTO keybindings VALUES('t94l05z66hdqzu5jgpgzsfo5','q5kktc9y6u1cy5t1f9w7iw7r','chat','KeyW','ui',1768806624,1768806624);
INSERT INTO keybindings VALUES('pqlw5uop1o8ehdbgk073u00d','q5kktc9y6u1cy5t1f9w7iw7r','command','Slash','ui',1768806624,1768806624);
INSERT INTO keybindings VALUES('qsko5hmu7xot11t07usgsi2v','tdff58o2xsaquvdu40fqbbm9','forward','KeyW','movement',1768818117,1768818117);
INSERT INTO keybindings VALUES('qwdik99q616gdldescjls0vw','tdff58o2xsaquvdu40fqbbm9','back','KeyS','movement',1768818117,1768818117);
INSERT INTO keybindings VALUES('kc56y8fojsz8d26o19gifm2a','tdff58o2xsaquvdu40fqbbm9','left','KeyA','movement',1768818117,1768818117);
INSERT INTO keybindings VALUES('rrrnf5fqfq9l22326vulzuo3','tdff58o2xsaquvdu40fqbbm9','right','KeyD','movement',1768818117,1768818117);
INSERT INTO keybindings VALUES('ac97a6vz5g8xap2rz1s6az9z','tdff58o2xsaquvdu40fqbbm9','jump','Space','movement',1768818117,1768818117);
INSERT INTO keybindings VALUES('drqu7u9eyx5t4xktbmcazkxz','tdff58o2xsaquvdu40fqbbm9','sneak','ShiftLeft','movement',1768818117,1768818117);
INSERT INTO keybindings VALUES('jroqw2dld3kpb5oed6dp839t','tdff58o2xsaquvdu40fqbbm9','sprint','ControlLeft','movement',1768818117,1768818117);
INSERT INTO keybindings VALUES('gygfz42u55ao1app0sqvdar3','tdff58o2xsaquvdu40fqbbm9','attack','Mouse0','combat',1768818117,1768818117);
INSERT INTO keybindings VALUES('jsyhhx5nkmkdacweo75x3js4','tdff58o2xsaquvdu40fqbbm9','use','Mouse1','combat',1768818117,1768818117);
INSERT INTO keybindings VALUES('qyqmzj59ci0h2i3vjqqsxpvb','tdff58o2xsaquvdu40fqbbm9','pickBlock','Mouse2','combat',1768818117,1768818117);
INSERT INTO keybindings VALUES('rlptylfffl5k64lmzaicte9p','tdff58o2xsaquvdu40fqbbm9','drop','KeyQ','combat',1768818117,1768818117);
INSERT INTO keybindings VALUES('ol58xrwik4e2jz9sobkbmx52','tdff58o2xsaquvdu40fqbbm9','inventory','KeyE','inventory',1768818117,1768818117);
INSERT INTO keybindings VALUES('ehs8ys6wuifmtu77utrntwr7','tdff58o2xsaquvdu40fqbbm9','swapHands','KeyF','inventory',1768818117,1768818117);
INSERT INTO keybindings VALUES('t2b1zwjpiqd47i88hp62hmy3','tdff58o2xsaquvdu40fqbbm9','hotbar1','KeyC','inventory',1768818117,1768818117);
INSERT INTO keybindings VALUES('jte353t49qatarhqjlqul1a4','tdff58o2xsaquvdu40fqbbm9','hotbar2','KeyX','inventory',1768818117,1768818117);
INSERT INTO keybindings VALUES('c9di3rho3seopsvg2ss4dq2v','tdff58o2xsaquvdu40fqbbm9','hotbar3','KeyG','inventory',1768818117,1768818117);
INSERT INTO keybindings VALUES('z649jjjivpn2cs1i2o2m0gpj','tdff58o2xsaquvdu40fqbbm9','hotbar4','Digit4','inventory',1768818117,1768818117);
INSERT INTO keybindings VALUES('wig1g3uqd5ojrsfhpi9m5e70','tdff58o2xsaquvdu40fqbbm9','hotbar5','Digit5','inventory',1768818117,1768818117);
INSERT INTO keybindings VALUES('thuhqkheqz4juuhdoblbsqi4','tdff58o2xsaquvdu40fqbbm9','hotbar6','KeyT','inventory',1768818117,1768818117);
INSERT INTO keybindings VALUES('g7j8dhtns273fwh33hm9pxuo','tdff58o2xsaquvdu40fqbbm9','hotbar7','Digit3','inventory',1768818117,1768818117);
INSERT INTO keybindings VALUES('pa2z2b6lfabuo7tes6pk2k4l','tdff58o2xsaquvdu40fqbbm9','hotbar8','KeyR','inventory',1768818117,1768818117);
INSERT INTO keybindings VALUES('canx452f2qded19mx9miokuo','tdff58o2xsaquvdu40fqbbm9','hotbar9','KeyV','inventory',1768818117,1768818117);
INSERT INTO keybindings VALUES('oxthmcpfxpfmwe9l20uw437j','tdff58o2xsaquvdu40fqbbm9','togglePerspective','KeyZ','ui',1768818117,1768818117);
INSERT INTO keybindings VALUES('scb1pnmjd9071p89b5ejqs5f','tdff58o2xsaquvdu40fqbbm9','fullscreen','F11','ui',1768818117,1768818117);
INSERT INTO keybindings VALUES('u6uf8hi77kv5gragkiflch51','tdff58o2xsaquvdu40fqbbm9','chat','KeyY','ui',1768818117,1768818117);
INSERT INTO keybindings VALUES('ds71164ktqmspvdquz9eciqn','tdff58o2xsaquvdu40fqbbm9','command','Slash','ui',1768818117,1768818117);
INSERT INTO keybindings VALUES('qn78nz7wrjdfrtkkdhjxkacc','x9kgx3mc9sjeyedyn32htky4','forward','KeyW','movement',1768818223,1768818223);
INSERT INTO keybindings VALUES('bfhais10v5f997n52x4yn66k','x9kgx3mc9sjeyedyn32htky4','back','KeyS','movement',1768818223,1768818223);
INSERT INTO keybindings VALUES('ec2kc2zc5xzw56mpxeb40e1q','x9kgx3mc9sjeyedyn32htky4','left','KeyA','movement',1768818223,1768818223);
INSERT INTO keybindings VALUES('jci3xgl1s5g0lh7wl5rwp5zq','x9kgx3mc9sjeyedyn32htky4','right','KeyD','movement',1768818223,1768818223);
INSERT INTO keybindings VALUES('pz8ik51cr46hw8fvnxxfyyxc','x9kgx3mc9sjeyedyn32htky4','jump','Space','movement',1768818223,1768818223);
INSERT INTO keybindings VALUES('hzk68fbow9by7pfcmhv2k8i1','x9kgx3mc9sjeyedyn32htky4','sneak','ShiftLeft','movement',1768818223,1768818223);
INSERT INTO keybindings VALUES('zupua7jk8gdj929prnqgepw5','x9kgx3mc9sjeyedyn32htky4','sprint','KeyB','movement',1768818223,1768818223);
INSERT INTO keybindings VALUES('eqkm0q5mt8uf6v01oik6rp6p','x9kgx3mc9sjeyedyn32htky4','attack','Mouse0','combat',1768818223,1768818223);
INSERT INTO keybindings VALUES('h1nk8ije1mi34qbxeypn1aw7','x9kgx3mc9sjeyedyn32htky4','use','Mouse1','combat',1768818223,1768818223);
INSERT INTO keybindings VALUES('e70qbi2nt9wxuqcec7x039ca','x9kgx3mc9sjeyedyn32htky4','pickBlock','KeyZ','combat',1768818223,1768818223);
INSERT INTO keybindings VALUES('dcf8ky02751pkpgah3sczikv','x9kgx3mc9sjeyedyn32htky4','drop','KeyC','combat',1768818223,1768818223);
INSERT INTO keybindings VALUES('tzd1mt2buxzsetdo1josgdt4','x9kgx3mc9sjeyedyn32htky4','inventory','Tab','inventory',1768818223,1768818223);
INSERT INTO keybindings VALUES('stj54p7qzjusap5inzc9lkry','x9kgx3mc9sjeyedyn32htky4','swapHands','KeyG','inventory',1768818223,1768818223);
INSERT INTO keybindings VALUES('t1chy2dg2bstksqjbydaywqg','x9kgx3mc9sjeyedyn32htky4','hotbar1','CapsLock','inventory',1768818223,1768818223);
INSERT INTO keybindings VALUES('eybbf2vdvssvf3rxw29zid8o','x9kgx3mc9sjeyedyn32htky4','hotbar2','Digit4','inventory',1768818223,1768818223);
INSERT INTO keybindings VALUES('f8wu9tsp1rh03l0sa82lqo2v','x9kgx3mc9sjeyedyn32htky4','hotbar3','Digit5','inventory',1768818223,1768818223);
INSERT INTO keybindings VALUES('w81293w85k93zt962774xqul','x9kgx3mc9sjeyedyn32htky4','hotbar4','KeyR','inventory',1768818223,1768818223);
INSERT INTO keybindings VALUES('zhulinkxfqs7nuaw7ccvb5x5','x9kgx3mc9sjeyedyn32htky4','hotbar5','KeyT','inventory',1768818223,1768818223);
INSERT INTO keybindings VALUES('ljhlexna8pdd0yr1kz3bxtpk','x9kgx3mc9sjeyedyn32htky4','hotbar6','Digit1','inventory',1768818223,1768818223);
INSERT INTO keybindings VALUES('ibxzln7zd3pidgmw8qo5vu03','x9kgx3mc9sjeyedyn32htky4','hotbar7','Digit3','inventory',1768818223,1768818223);
INSERT INTO keybindings VALUES('frtnawjj9ene2b7kk2m95sfr','x9kgx3mc9sjeyedyn32htky4','hotbar8','Digit2','inventory',1768818223,1768818223);
INSERT INTO keybindings VALUES('xf78nefrwyzvm4luswza6oaj','x9kgx3mc9sjeyedyn32htky4','hotbar9','KeyF','inventory',1768818223,1768818223);
INSERT INTO keybindings VALUES('gkvpn16uy4nbkvbt4ecwj8dp','x9kgx3mc9sjeyedyn32htky4','togglePerspective','KeyE','ui',1768818223,1768818223);
INSERT INTO keybindings VALUES('z298rcga1kc3xk62o6gzs9cx','x9kgx3mc9sjeyedyn32htky4','fullscreen','KeyY','ui',1768818223,1768818223);
INSERT INTO keybindings VALUES('tv7r4oavw0zchahp993c1bky','x9kgx3mc9sjeyedyn32htky4','chat','KeyW','ui',1768818223,1768818223);
INSERT INTO keybindings VALUES('yxw9f5kffzzql7p64fmh0t7y','x9kgx3mc9sjeyedyn32htky4','command','Slash','ui',1768818223,1768818223);
INSERT INTO keybindings VALUES('wyszb3gwvbhkgz65met7xafv','x436wo1dxmk5o2rxcwblmbad','forward','KeyW','movement',1768818693,1768818693);
INSERT INTO keybindings VALUES('yrao0n3gx2vr2gon6scu7uk2','x436wo1dxmk5o2rxcwblmbad','back','KeyS','movement',1768818693,1768818693);
INSERT INTO keybindings VALUES('bobyf7o58c0io19np56zgrmf','x436wo1dxmk5o2rxcwblmbad','left','KeyA','movement',1768818693,1768818693);
INSERT INTO keybindings VALUES('nafxb6etxs36y1vqymw8j1fd','x436wo1dxmk5o2rxcwblmbad','right','KeyD','movement',1768818693,1768818693);
INSERT INTO keybindings VALUES('zfzwj1vwpt4cvd48d6uye9kh','x436wo1dxmk5o2rxcwblmbad','jump','Space','movement',1768818693,1768818693);
INSERT INTO keybindings VALUES('anv20n346u1adlb81okqz29e','x436wo1dxmk5o2rxcwblmbad','sneak','ShiftLeft','movement',1768818693,1768818693);
INSERT INTO keybindings VALUES('q8x9158jycgailopcc651uy0','x436wo1dxmk5o2rxcwblmbad','sprint','ControlLeft','movement',1768818693,1768818693);
INSERT INTO keybindings VALUES('kov91w3agb4lf6d9p57ctt3m','x436wo1dxmk5o2rxcwblmbad','attack','Mouse0','combat',1768818693,1768818693);
INSERT INTO keybindings VALUES('rpgoahn6kxrpk65w8k7xktq0','x436wo1dxmk5o2rxcwblmbad','use','Mouse1','combat',1768818693,1768818693);
INSERT INTO keybindings VALUES('mlwfo59iqnmdrvu3hy1nus1f','x436wo1dxmk5o2rxcwblmbad','pickBlock','Mouse2','combat',1768818693,1768818693);
INSERT INTO keybindings VALUES('gg9ets0yoy755fnelg8jehao','x436wo1dxmk5o2rxcwblmbad','drop','KeyQ','combat',1768818693,1768818693);
INSERT INTO keybindings VALUES('c9s1kx35c7kka1g9e4fw2ov5','x436wo1dxmk5o2rxcwblmbad','inventory','KeyE','inventory',1768818693,1768818693);
INSERT INTO keybindings VALUES('wbcvlxtm5tdpf1wlh3917rlk','x436wo1dxmk5o2rxcwblmbad','swapHands','KeyR','inventory',1768818693,1768818693);
INSERT INTO keybindings VALUES('nmenqbwe8fdimyhevs2lu67b','x436wo1dxmk5o2rxcwblmbad','hotbar1','Digit1','inventory',1768818693,1768818693);
INSERT INTO keybindings VALUES('kp7h9s5b2whe2b7b1rnw4zs4','x436wo1dxmk5o2rxcwblmbad','hotbar2','Digit2','inventory',1768818693,1768818693);
INSERT INTO keybindings VALUES('hs2i0ipn1k82z2dm6eygw84y','x436wo1dxmk5o2rxcwblmbad','hotbar3','Digit3','inventory',1768818693,1768818693);
INSERT INTO keybindings VALUES('lfmzr1jinsbntzt53iid4efe','x436wo1dxmk5o2rxcwblmbad','hotbar4','Digit4','inventory',1768818693,1768818693);
INSERT INTO keybindings VALUES('l3i07mscvgotgcn56erzcq6c','x436wo1dxmk5o2rxcwblmbad','hotbar5','KeyF','inventory',1768818693,1768818693);
INSERT INTO keybindings VALUES('oa1pf3f5komu9g1bpmafag8y','x436wo1dxmk5o2rxcwblmbad','hotbar6','KeyG','inventory',1768818693,1768818693);
INSERT INTO keybindings VALUES('ytqz8kz5d27nn2ldqpna2sad','x436wo1dxmk5o2rxcwblmbad','hotbar7','KeyX','inventory',1768818693,1768818693);
INSERT INTO keybindings VALUES('eovu3yymg4hbfravfo8yi5la','x436wo1dxmk5o2rxcwblmbad','hotbar8','KeyC','inventory',1768818693,1768818693);
INSERT INTO keybindings VALUES('g3yxww0ytnd7plcax2v6cii1','x436wo1dxmk5o2rxcwblmbad','hotbar9','KeyV','inventory',1768818693,1768818693);
INSERT INTO keybindings VALUES('dfj5y0ug730sejyu2n173m7r','x436wo1dxmk5o2rxcwblmbad','togglePerspective','Mouse4','ui',1768818693,1768818693);
INSERT INTO keybindings VALUES('eon37bxz5v0gh7kjm59t1435','x436wo1dxmk5o2rxcwblmbad','fullscreen','F11','ui',1768818693,1768818693);
INSERT INTO keybindings VALUES('qzzymcfkg91ks07x751p69f9','x436wo1dxmk5o2rxcwblmbad','chat','Enter','ui',1768818693,1768818693);
INSERT INTO keybindings VALUES('mto7eo9kgcynhoneqhno98w0','x436wo1dxmk5o2rxcwblmbad','command','Slash','ui',1768818693,1768818693);
INSERT INTO keybindings VALUES('tjr5midewuggazpcet414ee1','bhq8datetxb7kk74tvjnyvxc','forward','KeyW','movement',1768819127,1768819127);
INSERT INTO keybindings VALUES('keyrit5ln8mnnnx6cbttssff','bhq8datetxb7kk74tvjnyvxc','back','KeyS','movement',1768819127,1768819776);
INSERT INTO keybindings VALUES('q85zgxhmqowgyhr2v9zzks17','bhq8datetxb7kk74tvjnyvxc','left','KeyA','movement',1768819127,1768819127);
INSERT INTO keybindings VALUES('xo6owsnizpiq2kr55b5c0g2w','bhq8datetxb7kk74tvjnyvxc','right','KeyD','movement',1768819127,1768819127);
INSERT INTO keybindings VALUES('iga01av3ngwqexeo3kzpe560','bhq8datetxb7kk74tvjnyvxc','jump','Space','movement',1768819127,1768819127);
INSERT INTO keybindings VALUES('juf76i3qfboofo12y6ub43rv','bhq8datetxb7kk74tvjnyvxc','sneak','ShiftLeft','movement',1768819127,1768819127);
INSERT INTO keybindings VALUES('iugm7e4fj3oixefbtamt6alx','bhq8datetxb7kk74tvjnyvxc','sprint','KeyQ','movement',1768819127,1768819127);
INSERT INTO keybindings VALUES('bo0timiamcdwh9em8tykgw09','bhq8datetxb7kk74tvjnyvxc','attack','Mouse0','combat',1768819127,1768819127);
INSERT INTO keybindings VALUES('rz0j6fdpxhmm1dvyt0qrnq7s','bhq8datetxb7kk74tvjnyvxc','use','Mouse1','combat',1768819127,1768819127);
INSERT INTO keybindings VALUES('ln7tnsd2kaq72wwtiyq7euip','bhq8datetxb7kk74tvjnyvxc','pickBlock','KeyT','combat',1768819127,1768819127);
INSERT INTO keybindings VALUES('s8qqxi4ap2q1b0p3j41ci7az','bhq8datetxb7kk74tvjnyvxc','drop','KeyR','combat',1768819127,1768819127);
INSERT INTO keybindings VALUES('zc1r8h1pivbp6hrz60ldbkfe','bhq8datetxb7kk74tvjnyvxc','inventory','KeyE','inventory',1768819127,1768819127);
INSERT INTO keybindings VALUES('ewihj5jfjzgdlik7dj3o3fp4','bhq8datetxb7kk74tvjnyvxc','swapHands','KeyF','inventory',1768819127,1768819127);
INSERT INTO keybindings VALUES('o08musoajgq5b7x4u7prp0rs','bhq8datetxb7kk74tvjnyvxc','hotbar1','Digit1','inventory',1768819127,1768819127);
INSERT INTO keybindings VALUES('p42q6fc5k85ll1fqx48bmsmr','bhq8datetxb7kk74tvjnyvxc','hotbar2','Digit2','inventory',1768819127,1768819127);
INSERT INTO keybindings VALUES('s1rgzijkofsytczi6p56vss3','bhq8datetxb7kk74tvjnyvxc','hotbar3','Digit3','inventory',1768819127,1768819127);
INSERT INTO keybindings VALUES('bvfy2s875u1d2g3ry7w1dr5t','bhq8datetxb7kk74tvjnyvxc','hotbar4','Digit4','inventory',1768819127,1768819127);
INSERT INTO keybindings VALUES('lsbv1uwhoc723jzkr3rc2cqm','bhq8datetxb7kk74tvjnyvxc','hotbar5','Digit5','inventory',1768819127,1768819127);
INSERT INTO keybindings VALUES('kdck54s3nn9ztx08kh1liylw','bhq8datetxb7kk74tvjnyvxc','hotbar6','KeyZ','inventory',1768819127,1768819127);
INSERT INTO keybindings VALUES('i0qprhl6s4pqudluabwbsa7t','bhq8datetxb7kk74tvjnyvxc','hotbar7','KeyX','inventory',1768819127,1768819127);
INSERT INTO keybindings VALUES('fmsxmql5ial9zzrggiytmcp0','bhq8datetxb7kk74tvjnyvxc','hotbar8','KeyC','inventory',1768819127,1768819127);
INSERT INTO keybindings VALUES('dkayvj6gqk891kb74s0bx46v','bhq8datetxb7kk74tvjnyvxc','hotbar9','KeyV','inventory',1768819127,1768819127);
INSERT INTO keybindings VALUES('yqbn7gomq4tqfyulz9r5tfwh','bhq8datetxb7kk74tvjnyvxc','togglePerspective','KeyG','ui',1768819127,1768819127);
INSERT INTO keybindings VALUES('zl8xrr9dkicfnwricjeqfi1i','bhq8datetxb7kk74tvjnyvxc','fullscreen','F1','ui',1768819127,1768819127);
INSERT INTO keybindings VALUES('d7gy0edm1bgdy44x60r317y4','bhq8datetxb7kk74tvjnyvxc','chat','KeyP','ui',1768819127,1768819127);
INSERT INTO keybindings VALUES('mdy0qv66p2rb7t0yf2gxkeou','bhq8datetxb7kk74tvjnyvxc','command','Slash','ui',1768819127,1768819127);
INSERT INTO keybindings VALUES('q4blrgujdi81esb6l65lm2ew','q5oraqnc78vo0idzajgllpb9','forward','KeyW','movement',1768819494,1768819494);
INSERT INTO keybindings VALUES('qf56n1hb7zzg64h1usata5sp','q5oraqnc78vo0idzajgllpb9','back','KeyS','movement',1768819494,1768819494);
INSERT INTO keybindings VALUES('kkyg2qm2usqo2862onwtdb3e','q5oraqnc78vo0idzajgllpb9','left','KeyA','movement',1768819494,1768819494);
INSERT INTO keybindings VALUES('jp4ikyfrdoxsgn9f401wr1mj','q5oraqnc78vo0idzajgllpb9','right','KeyD','movement',1768819494,1768819494);
INSERT INTO keybindings VALUES('t92kr4zooe8po9cjydm547x2','q5oraqnc78vo0idzajgllpb9','jump','Space','movement',1768819494,1768819494);
INSERT INTO keybindings VALUES('nqy6p9rnx2ccbz4l0q2aikpj','q5oraqnc78vo0idzajgllpb9','sneak','ShiftLeft','movement',1768819494,1768819494);
INSERT INTO keybindings VALUES('l9oszf03kfag489jqkg9gll8','q5oraqnc78vo0idzajgllpb9','sprint','ControlLeft','movement',1768819494,1768819494);
INSERT INTO keybindings VALUES('rv893k03n3wxqcggxmsnm4z6','q5oraqnc78vo0idzajgllpb9','attack','Mouse0','combat',1768819494,1768819494);
INSERT INTO keybindings VALUES('my9bvvagbyc3lzu9aroaote1','q5oraqnc78vo0idzajgllpb9','use','Mouse1','combat',1768819494,1768819494);
INSERT INTO keybindings VALUES('a6n25rp6xuhru1j1gus8mii3','q5oraqnc78vo0idzajgllpb9','pickBlock','Convert','combat',1768819494,1768819494);
INSERT INTO keybindings VALUES('ac4s4n0etds29vw23pw2irxu','q5oraqnc78vo0idzajgllpb9','drop','KeyR','combat',1768819494,1768819494);
INSERT INTO keybindings VALUES('ebth1gp4aouocn9lalerjlq2','q5oraqnc78vo0idzajgllpb9','inventory','KeyE','inventory',1768819494,1768819494);
INSERT INTO keybindings VALUES('er8ohu6e7oma00c1yg6m3oy4','q5oraqnc78vo0idzajgllpb9','swapHands','KeyG','inventory',1768819494,1768819494);
INSERT INTO keybindings VALUES('w5biljp91iy3ubru536d7eum','q5oraqnc78vo0idzajgllpb9','hotbar1','Digit1','inventory',1768819494,1768819494);
INSERT INTO keybindings VALUES('ln6v0v6r7br867871bcx6dg9','q5oraqnc78vo0idzajgllpb9','hotbar2','Digit2','inventory',1768819494,1768819494);
INSERT INTO keybindings VALUES('qn4c3ngx1q1j3rwot4f2ngsm','q5oraqnc78vo0idzajgllpb9','hotbar3','Digit3','inventory',1768819494,1768819494);
INSERT INTO keybindings VALUES('nlzbtz8mkys6dy6kz87k9ojw','q5oraqnc78vo0idzajgllpb9','hotbar4','Digit4','inventory',1768819494,1768819494);
INSERT INTO keybindings VALUES('xtkhe6cuorrpsno04arllcjf','q5oraqnc78vo0idzajgllpb9','hotbar5','KeyF','inventory',1768819494,1768819494);
INSERT INTO keybindings VALUES('e1cfh8m9mzzpod0pljg7znia','q5oraqnc78vo0idzajgllpb9','hotbar6','KeyQ','inventory',1768819494,1768819494);
INSERT INTO keybindings VALUES('fc3ltxdiwnj2xi2tesi5o9d7','q5oraqnc78vo0idzajgllpb9','hotbar7','KeyZ','inventory',1768819494,1768819494);
INSERT INTO keybindings VALUES('g92cqik6ip8xj0rdz9504o1l','q5oraqnc78vo0idzajgllpb9','hotbar8','KeyX','inventory',1768819494,1768819494);
INSERT INTO keybindings VALUES('ohdnr67c6e5ua7hinim27k0t','q5oraqnc78vo0idzajgllpb9','hotbar9','KeyC','inventory',1768819494,1768819494);
INSERT INTO keybindings VALUES('pstbwj4frcp0rftxxqlrv310','q5oraqnc78vo0idzajgllpb9','togglePerspective','KeyV','ui',1768819494,1768819494);
INSERT INTO keybindings VALUES('w9mxvbah759ed2gbycnp78un','q5oraqnc78vo0idzajgllpb9','fullscreen','F11','ui',1768819494,1768819494);
INSERT INTO keybindings VALUES('vjdlpkunqtzqp668czf8ttxv','q5oraqnc78vo0idzajgllpb9','chat','KeyT','ui',1768819494,1768819494);
INSERT INTO keybindings VALUES('jm425xllq2msi2rj45ajt9u3','q5oraqnc78vo0idzajgllpb9','command','Slash','ui',1768819494,1768819494);
INSERT INTO keybindings VALUES('ehgn65h6d8iy07vm5a1ud9dm','rpf8ds6y7gwm7cjolh98ojgp','forward','KeyW','movement',1768820517,1768820517);
INSERT INTO keybindings VALUES('llewlbf2dlzl8mifcl00q8rb','rpf8ds6y7gwm7cjolh98ojgp','back','KeyS','movement',1768820517,1768820517);
INSERT INTO keybindings VALUES('cbiwsz204q0j35blqab2k8vq','rpf8ds6y7gwm7cjolh98ojgp','left','KeyA','movement',1768820517,1768820517);
INSERT INTO keybindings VALUES('ne7yki9xxrjr2xvxvsv9kb5q','rpf8ds6y7gwm7cjolh98ojgp','right','KeyD','movement',1768820517,1768820517);
INSERT INTO keybindings VALUES('rw1caasjo8dsr909vzolxm6x','rpf8ds6y7gwm7cjolh98ojgp','jump','Space','movement',1768820517,1768820517);
INSERT INTO keybindings VALUES('mjtjq2dhls8n3qfjod8rdycb','rpf8ds6y7gwm7cjolh98ojgp','sneak','ShiftLeft','movement',1768820517,1768820517);
INSERT INTO keybindings VALUES('bbonpjkzugkwpovpgnlh6x6w','rpf8ds6y7gwm7cjolh98ojgp','sprint','ControlLeft','movement',1768820517,1768820517);
INSERT INTO keybindings VALUES('d2yg15fvu74ciudrd61pdtow','rpf8ds6y7gwm7cjolh98ojgp','attack','Mouse0','combat',1768820517,1768820517);
INSERT INTO keybindings VALUES('s7hfwudir9wvtke3nu6zqffx','rpf8ds6y7gwm7cjolh98ojgp','use','Mouse1','combat',1768820517,1768820517);
INSERT INTO keybindings VALUES('d1qax30j5r3loff3v9mgspy9','rpf8ds6y7gwm7cjolh98ojgp','pickBlock','Mouse2','combat',1768820517,1768820517);
INSERT INTO keybindings VALUES('arklsz7bx6zqg3557lx1z9po','rpf8ds6y7gwm7cjolh98ojgp','drop','KeyQ','combat',1768820517,1768820517);
INSERT INTO keybindings VALUES('w9ytee1923d6us121xmtcdtq','rpf8ds6y7gwm7cjolh98ojgp','inventory','KeyE','inventory',1768820517,1768820517);
INSERT INTO keybindings VALUES('zof57ny9iuhsevbou756yk81','rpf8ds6y7gwm7cjolh98ojgp','swapHands','KeyF','inventory',1768820517,1768820517);
INSERT INTO keybindings VALUES('lgua4716qwhvbzqonu6djhmi','rpf8ds6y7gwm7cjolh98ojgp','hotbar1','Digit1','inventory',1768820517,1768820517);
INSERT INTO keybindings VALUES('pzi4mvm24a2u4uy530au5o4d','rpf8ds6y7gwm7cjolh98ojgp','hotbar2','Digit2','inventory',1768820517,1768820517);
INSERT INTO keybindings VALUES('uy9codoiaxfn10wtw4m0gul4','rpf8ds6y7gwm7cjolh98ojgp','hotbar3','Digit3','inventory',1768820517,1768820517);
INSERT INTO keybindings VALUES('h47u3qzm6dgokaj1qip9ilke','rpf8ds6y7gwm7cjolh98ojgp','hotbar4','Digit4','inventory',1768820517,1768820517);
INSERT INTO keybindings VALUES('w4z9etcsxnd7agwr2l1g57et','rpf8ds6y7gwm7cjolh98ojgp','hotbar5','Digit5','inventory',1768820517,1768820517);
INSERT INTO keybindings VALUES('a9orrfzagtk3xs6st7gd1dus','rpf8ds6y7gwm7cjolh98ojgp','hotbar6','Mouse3','inventory',1768820517,1768821048);
INSERT INTO keybindings VALUES('malvnrv2gvzuysiu8q518fpr','rpf8ds6y7gwm7cjolh98ojgp','hotbar7','Mouse4','inventory',1768820517,1768821048);
INSERT INTO keybindings VALUES('o2idyitvzo4vzyuwh0dpv87p','rpf8ds6y7gwm7cjolh98ojgp','hotbar8','MB5','inventory',1768820517,1768821338);
INSERT INTO keybindings VALUES('o9sd3w8tajpvh9srzt89t5gu','rpf8ds6y7gwm7cjolh98ojgp','hotbar9','サイド4','inventory',1768820517,1768821251);
INSERT INTO keybindings VALUES('wfqd3bdpi85obili3uehwqw1','rpf8ds6y7gwm7cjolh98ojgp','togglePerspective','KeyR','ui',1768820517,1768821048);
INSERT INTO keybindings VALUES('j9bdmy6cw0nww4mfyhry0bwq','rpf8ds6y7gwm7cjolh98ojgp','fullscreen','F11','ui',1768820517,1768820517);
INSERT INTO keybindings VALUES('pskhm1kksd5up1vy0vkklho4','rpf8ds6y7gwm7cjolh98ojgp','chat','KeyT','ui',1768820517,1768820517);
INSERT INTO keybindings VALUES('zxj0kudc5kiloahjcfcfws31','rpf8ds6y7gwm7cjolh98ojgp','command','Slash','ui',1768820517,1768820517);
INSERT INTO keybindings VALUES('dho92c26c1wp6e4vr3gkcbr2','rpf8ds6y7gwm7cjolh98ojgp','toggleHud','F1','ui',1768820517,1768820517);
INSERT INTO keybindings VALUES('pfk48w307v03al0si3ob9f93','uov46rhs9eew12vtxt6muilq','forward','KeyW','movement',1768822639,1768822639);
INSERT INTO keybindings VALUES('arjimu8z8wi51dqwo875572c','uov46rhs9eew12vtxt6muilq','back','KeyS','movement',1768822639,1768822639);
INSERT INTO keybindings VALUES('wv85gof50k8567g1t97jdpud','uov46rhs9eew12vtxt6muilq','left','KeyA','movement',1768822639,1768822639);
INSERT INTO keybindings VALUES('z4jngfxqtopsjkzv72w0p7ha','uov46rhs9eew12vtxt6muilq','right','KeyF','movement',1768822639,1768822639);
INSERT INTO keybindings VALUES('gpv5l9y1juu10dvi9gzaa68u','uov46rhs9eew12vtxt6muilq','jump','KeyD','movement',1768822639,1768822639);
INSERT INTO keybindings VALUES('sukkmu6aavy96vxy39v041nl','uov46rhs9eew12vtxt6muilq','sneak','KeyE','movement',1768822639,1768822639);
INSERT INTO keybindings VALUES('cqb520apcern8haqso0cc72b','uov46rhs9eew12vtxt6muilq','sprint','KeyQ','movement',1768822639,1768822639);
INSERT INTO keybindings VALUES('y9zdlo2qp99p0o0rtpklyhd9','uov46rhs9eew12vtxt6muilq','attack','Mouse1','combat',1768822639,1768823255);
INSERT INTO keybindings VALUES('eo4fx50crw97jz2g2lvwelhc','uov46rhs9eew12vtxt6muilq','use','Mouse0','combat',1768822639,1768823255);
INSERT INTO keybindings VALUES('s98bbwiva1qzjqnsai30ng1h','uov46rhs9eew12vtxt6muilq','pickBlock','KeyX','combat',1768822639,1768822639);
INSERT INTO keybindings VALUES('hekltixue1ma3u1697klcllr','uov46rhs9eew12vtxt6muilq','drop','KeyG','combat',1768822639,1768822639);
INSERT INTO keybindings VALUES('eq6dzybstki6p52me8fc79ka','uov46rhs9eew12vtxt6muilq','inventory','CustomKey1','inventory',1768822639,1768822639);
INSERT INTO keybindings VALUES('v0r6bf5abkhfwhqmyuxx5ply','uov46rhs9eew12vtxt6muilq','swapHands','Space','inventory',1768822639,1768822639);
INSERT INTO keybindings VALUES('fucud8j2cj8xjpm74z0edk1c','uov46rhs9eew12vtxt6muilq','hotbar1','Digit1','inventory',1768822639,1768822639);
INSERT INTO keybindings VALUES('blwtr0zzw1c7dj64s27wxh1w','uov46rhs9eew12vtxt6muilq','hotbar2','Digit2','inventory',1768822639,1768822639);
INSERT INTO keybindings VALUES('ezrxf2ogh4kid60y0rrxrryz','uov46rhs9eew12vtxt6muilq','hotbar3','Digit3','inventory',1768822639,1768822639);
INSERT INTO keybindings VALUES('kptenn42l9jfyat93b1n7q95','uov46rhs9eew12vtxt6muilq','hotbar4','Digit4','inventory',1768822639,1768822639);
INSERT INTO keybindings VALUES('dssx2g62w95xrbq6xr84n6qs','uov46rhs9eew12vtxt6muilq','hotbar5','KeyR','inventory',1768822639,1768910954);
INSERT INTO keybindings VALUES('ulw693gnuu0b2wqc30ej4zl3','uov46rhs9eew12vtxt6muilq','hotbar6','KeyT','inventory',1768822639,1768910954);
INSERT INTO keybindings VALUES('fs2fy49zhhud8tt5xsfc73v2','uov46rhs9eew12vtxt6muilq','hotbar7','KeyV','inventory',1768822639,1768910954);
INSERT INTO keybindings VALUES('bks3hbz8gkl89ee68cattv1x','uov46rhs9eew12vtxt6muilq','hotbar8','KeyB','inventory',1768822639,1768910954);
INSERT INTO keybindings VALUES('i0xh1les92bnsivuk3h856kt','uov46rhs9eew12vtxt6muilq','hotbar9','KeyN','inventory',1768822639,1768910954);
INSERT INTO keybindings VALUES('ta3bspzhbwvrvxkdjj5atzeg','uov46rhs9eew12vtxt6muilq','togglePerspective','Mouse4','ui',1768822639,1768822639);
INSERT INTO keybindings VALUES('q0nx92vfo3el5qvfelx979s3','uov46rhs9eew12vtxt6muilq','fullscreen','F11','ui',1768822639,1768822639);
INSERT INTO keybindings VALUES('jccn71rnsekd623qys1iprlu','uov46rhs9eew12vtxt6muilq','chat','AltLeft','ui',1768822639,1768822639);
INSERT INTO keybindings VALUES('wforc1kpirbrahbbzemz0m87','uov46rhs9eew12vtxt6muilq','command','Slash','ui',1768822639,1768822639);
INSERT INTO keybindings VALUES('px7bwjfbpwvmtlhfvu8xy52e','dlmr15u5lmmz3e1uby1onmo4','forward','KeyW','movement',1768822823,1768822823);
INSERT INTO keybindings VALUES('m2mwi1fewjk5c0bwj5hoso1g','dlmr15u5lmmz3e1uby1onmo4','back','KeyS','movement',1768822823,1768822823);
INSERT INTO keybindings VALUES('cyqfcdjd11pwykd6x7pqror7','dlmr15u5lmmz3e1uby1onmo4','left','KeyA','movement',1768822823,1768822823);
INSERT INTO keybindings VALUES('zodfyivvaxm3sasb8jhvpme7','dlmr15u5lmmz3e1uby1onmo4','right','KeyD','movement',1768822823,1768822823);
INSERT INTO keybindings VALUES('k0y2zgjsyez605becfrdxbkr','dlmr15u5lmmz3e1uby1onmo4','jump','Space','movement',1768822823,1768822823);
INSERT INTO keybindings VALUES('ayy53xv0ox81ztw6t21hz0k3','dlmr15u5lmmz3e1uby1onmo4','sneak','ShiftLeft','movement',1768822823,1768822823);
INSERT INTO keybindings VALUES('d96r957fd9gv0gdtc23e73nk','dlmr15u5lmmz3e1uby1onmo4','sprint','CapsLock','movement',1768822823,1768822823);
INSERT INTO keybindings VALUES('r803ps9z90i6otfsgpe6dd4f','dlmr15u5lmmz3e1uby1onmo4','attack','Mouse0','combat',1768822823,1768822823);
INSERT INTO keybindings VALUES('ke4abliysztr71p9i5qbzshn','dlmr15u5lmmz3e1uby1onmo4','use','Mouse1','combat',1768822823,1768822823);
INSERT INTO keybindings VALUES('jeodkbv2zww00sinoommme58','dlmr15u5lmmz3e1uby1onmo4','pickBlock','Mouse2','combat',1768822823,1768822823);
INSERT INTO keybindings VALUES('usyosrv1j8e21geg6qjpqgs2','dlmr15u5lmmz3e1uby1onmo4','drop','KeyQ','combat',1768822823,1768822823);
INSERT INTO keybindings VALUES('oqguipp5p6czt9u9l0dls9kr','dlmr15u5lmmz3e1uby1onmo4','inventory','KeyE','inventory',1768822823,1768822823);
INSERT INTO keybindings VALUES('golo3n6sno9i56vwh27th5dl','dlmr15u5lmmz3e1uby1onmo4','swapHands','KeyF','inventory',1768822823,1768822823);
INSERT INTO keybindings VALUES('vdqh6mvhuyegklo0ja36ifpg','dlmr15u5lmmz3e1uby1onmo4','hotbar1','Digit1','inventory',1768822823,1768822823);
INSERT INTO keybindings VALUES('hyez3rbeul4kv8h5c2u8tgni','dlmr15u5lmmz3e1uby1onmo4','hotbar2','Digit2','inventory',1768822823,1768822823);
INSERT INTO keybindings VALUES('dp64gx7oz7u7597feh9f3bfw','dlmr15u5lmmz3e1uby1onmo4','hotbar3','Digit3','inventory',1768822823,1768822823);
INSERT INTO keybindings VALUES('zn0nsclj12bhfucab1ahqzjb','dlmr15u5lmmz3e1uby1onmo4','hotbar4','Digit4','inventory',1768822823,1768822823);
INSERT INTO keybindings VALUES('t6wzirgf67ml74grzx72m92d','dlmr15u5lmmz3e1uby1onmo4','hotbar5','Digit5','inventory',1768822823,1768822823);
INSERT INTO keybindings VALUES('sl4u0vq8lbgcd9hqt2l5y7b1','dlmr15u5lmmz3e1uby1onmo4','hotbar6','KeyX','inventory',1768822823,1768822823);
INSERT INTO keybindings VALUES('e9gy48vvt7ae6q9k5dgz2z3s','dlmr15u5lmmz3e1uby1onmo4','hotbar7','KeyC','inventory',1768822823,1768822823);
INSERT INTO keybindings VALUES('cajqwgkdjx0jfgfig9uavy4s','dlmr15u5lmmz3e1uby1onmo4','hotbar8','KeyV','inventory',1768822823,1768822823);
INSERT INTO keybindings VALUES('a0n04236e3red04pkxrs0mri','dlmr15u5lmmz3e1uby1onmo4','hotbar9','KeyB','inventory',1768822823,1768822823);
INSERT INTO keybindings VALUES('vyydc6kx53yxbe0lm0igbo4l','dlmr15u5lmmz3e1uby1onmo4','togglePerspective','Mouse4','ui',1768822823,1768822823);
INSERT INTO keybindings VALUES('j7lh3um32s1k9zftl7kr3bua','dlmr15u5lmmz3e1uby1onmo4','fullscreen','F11','ui',1768822823,1768822823);
INSERT INTO keybindings VALUES('axvddu8lr60lpr8nmttrni5h','dlmr15u5lmmz3e1uby1onmo4','chat','KeyO','ui',1768822823,1768822823);
INSERT INTO keybindings VALUES('ow5iroj1vfrg84f9x88bp3np','dlmr15u5lmmz3e1uby1onmo4','command','Slash','ui',1768822823,1768822823);
INSERT INTO keybindings VALUES('k1kded7xokktd2gyovrg6lmh','m7rwiysh0olayep1o7kp6fxj','forward','KeyW','movement',1768824280,1768824280);
INSERT INTO keybindings VALUES('sg6cdmx142chej42yjafy7ac','m7rwiysh0olayep1o7kp6fxj','back','KeyS','movement',1768824280,1768824280);
INSERT INTO keybindings VALUES('mnds6radec8j05mphlywxtve','m7rwiysh0olayep1o7kp6fxj','left','KeyA','movement',1768824280,1768824280);
INSERT INTO keybindings VALUES('avdufu9fa0uc1ydy36a8yl78','m7rwiysh0olayep1o7kp6fxj','right','KeyD','movement',1768824280,1768824280);
INSERT INTO keybindings VALUES('oya9375ep37ehbhzquntgrvh','m7rwiysh0olayep1o7kp6fxj','jump','Space','movement',1768824280,1768824280);
INSERT INTO keybindings VALUES('m1vqsa164wft174mutu2jcgu','m7rwiysh0olayep1o7kp6fxj','sneak','ShiftLeft','movement',1768824280,1768824280);
INSERT INTO keybindings VALUES('ssgavfimpwdgnuyu40skc2od','m7rwiysh0olayep1o7kp6fxj','sprint','ControlLeft','movement',1768824280,1768824280);
INSERT INTO keybindings VALUES('m087klr81hyclpm9zudiqusz','m7rwiysh0olayep1o7kp6fxj','attack','Mouse0','combat',1768824280,1768824280);
INSERT INTO keybindings VALUES('gkgyhjfa7cy02ticz5cwlir8','m7rwiysh0olayep1o7kp6fxj','use','Mouse1','combat',1768824280,1768824280);
INSERT INTO keybindings VALUES('szjp1bol07vs34la9utp0c2u','m7rwiysh0olayep1o7kp6fxj','pickBlock','Mouse2','combat',1768824280,1768824280);
INSERT INTO keybindings VALUES('d5dszm8krefh4g1qutmb18kr','m7rwiysh0olayep1o7kp6fxj','drop','KeyQ','combat',1768824280,1768824280);
INSERT INTO keybindings VALUES('e46md08wacts5xzad4ka6vcs','m7rwiysh0olayep1o7kp6fxj','inventory','KeyE','inventory',1768824280,1768824280);
INSERT INTO keybindings VALUES('s2quqm1x0l1i51blsa60h5mb','m7rwiysh0olayep1o7kp6fxj','swapHands','KeyF','inventory',1768824280,1768824280);
INSERT INTO keybindings VALUES('iw8lcrz70uk9y0uh13ei35yu','m7rwiysh0olayep1o7kp6fxj','hotbar1','Digit1','inventory',1768824280,1768824280);
INSERT INTO keybindings VALUES('hwvelh1lcuh13wkxisgjfp2w','m7rwiysh0olayep1o7kp6fxj','hotbar2','Digit2','inventory',1768824280,1768824280);
INSERT INTO keybindings VALUES('fnhw4zggmi828vttjpyebch0','m7rwiysh0olayep1o7kp6fxj','hotbar3','Digit3','inventory',1768824280,1768824280);
INSERT INTO keybindings VALUES('dkx5h0ytbobrisc9stjct9mc','m7rwiysh0olayep1o7kp6fxj','hotbar4','Digit4','inventory',1768824280,1768824280);
INSERT INTO keybindings VALUES('atxesk0zutdw304y01pxoi8z','m7rwiysh0olayep1o7kp6fxj','hotbar5','Digit5','inventory',1768824280,1768824280);
INSERT INTO keybindings VALUES('pqkmty01n7u6qdbw6hw9schl','m7rwiysh0olayep1o7kp6fxj','hotbar6','KeyZ','inventory',1768824280,1768824280);
INSERT INTO keybindings VALUES('a7focdsooc5b2a8pex3d6ps7','m7rwiysh0olayep1o7kp6fxj','hotbar7','KeyX','inventory',1768824280,1768824280);
INSERT INTO keybindings VALUES('tams7b8cru3unw5caxc3m35j','m7rwiysh0olayep1o7kp6fxj','hotbar8','KeyC','inventory',1768824280,1768824280);
INSERT INTO keybindings VALUES('snm67sedcscf61xtp2dzfn0f','m7rwiysh0olayep1o7kp6fxj','hotbar9','KeyV','inventory',1768824280,1768824280);
INSERT INTO keybindings VALUES('ug725r5jkc0hjvnjto7ue5ic','m7rwiysh0olayep1o7kp6fxj','togglePerspective','Mouse4','ui',1768824280,1768824280);
INSERT INTO keybindings VALUES('zn4q5mbtchgc570sy9rf8fys','m7rwiysh0olayep1o7kp6fxj','fullscreen','F11','ui',1768824280,1768824280);
INSERT INTO keybindings VALUES('oeiourjam0l5hgbrotnt1r2d','m7rwiysh0olayep1o7kp6fxj','chat','KeyT','ui',1768824280,1768824280);
INSERT INTO keybindings VALUES('ksrmymvsjfqwo1lk5k7jfcoy','m7rwiysh0olayep1o7kp6fxj','command','Slash','ui',1768824280,1768824280);
INSERT INTO keybindings VALUES('jt1qi19w5sl5zte2a0i56b6m','pz9edfoiw9deii5kprg3ceul','forward','KeyW','movement',1768832168,1768832168);
INSERT INTO keybindings VALUES('euqu66x1rn9rtya3jy13715b','pz9edfoiw9deii5kprg3ceul','back','KeyS','movement',1768832168,1768832168);
INSERT INTO keybindings VALUES('gnck8cmo2vy2m4zdpt6notw2','pz9edfoiw9deii5kprg3ceul','left','KeyA','movement',1768832168,1768832168);
INSERT INTO keybindings VALUES('k2h1ymiszgwlpgph8xi81t97','pz9edfoiw9deii5kprg3ceul','right','KeyD','movement',1768832168,1768832168);
INSERT INTO keybindings VALUES('mjdihrlu0zmx8xj258yo6wms','pz9edfoiw9deii5kprg3ceul','jump','Space','movement',1768832168,1768832168);
INSERT INTO keybindings VALUES('zptwi7duf19ag8h5cs74ak2g','pz9edfoiw9deii5kprg3ceul','sneak','ShiftLeft','movement',1768832168,1768832168);
INSERT INTO keybindings VALUES('oi03kvzt1cdqlds181ibnqd5','pz9edfoiw9deii5kprg3ceul','sprint','ControlLeft','movement',1768832168,1768832168);
INSERT INTO keybindings VALUES('w1m5q0xtptxq7tohcanwwd0z','pz9edfoiw9deii5kprg3ceul','attack','Mouse0','combat',1768832168,1768832168);
INSERT INTO keybindings VALUES('chc2h4272nd6dghta9qcpsil','pz9edfoiw9deii5kprg3ceul','use','Mouse1','combat',1768832168,1768832168);
INSERT INTO keybindings VALUES('xz962j30ziosm0ji4au11p6f','pz9edfoiw9deii5kprg3ceul','pickBlock','Mouse2','combat',1768832168,1768832168);
INSERT INTO keybindings VALUES('xumr68w1g8de9dl8wmss9km7','pz9edfoiw9deii5kprg3ceul','drop','KeyQ','combat',1768832168,1768832168);
INSERT INTO keybindings VALUES('m6minea7t16942jxr76a2xo9','pz9edfoiw9deii5kprg3ceul','inventory','KeyE','inventory',1768832168,1768832168);
INSERT INTO keybindings VALUES('oxcj05x2mxt3te3cpgjbro8o','pz9edfoiw9deii5kprg3ceul','swapHands','KeyF','inventory',1768832168,1768832168);
INSERT INTO keybindings VALUES('nvr4n38jrz28mtshm60zp416','pz9edfoiw9deii5kprg3ceul','hotbar1','Digit1','inventory',1768832168,1768832168);
INSERT INTO keybindings VALUES('pe4u16ptazk5i51tl1pip2q2','pz9edfoiw9deii5kprg3ceul','hotbar2','Digit2','inventory',1768832168,1768832168);
INSERT INTO keybindings VALUES('cx90mzbjv80jv8vdq3vukg9g','pz9edfoiw9deii5kprg3ceul','hotbar3','Digit3','inventory',1768832168,1768832168);
INSERT INTO keybindings VALUES('n67vv97bzro6b9jjqhccp566','pz9edfoiw9deii5kprg3ceul','hotbar4','Digit4','inventory',1768832168,1768832168);
INSERT INTO keybindings VALUES('izbzvjtxknbg275eqyw6neyr','pz9edfoiw9deii5kprg3ceul','hotbar5','Digit5','inventory',1768832168,1768832168);
INSERT INTO keybindings VALUES('zksbv2aquoryzgvf6ikgvf8t','pz9edfoiw9deii5kprg3ceul','hotbar6','Digit6','inventory',1768832168,1768832168);
INSERT INTO keybindings VALUES('iyb6maql55k9cn8yohvpn39m','pz9edfoiw9deii5kprg3ceul','hotbar7','Digit7','inventory',1768832168,1768832168);
INSERT INTO keybindings VALUES('tfrwihza94jqonej61fckbkh','pz9edfoiw9deii5kprg3ceul','hotbar8','Digit8','inventory',1768832168,1768832168);
INSERT INTO keybindings VALUES('cg2ltj4bih0a3dziaxxagpi5','pz9edfoiw9deii5kprg3ceul','hotbar9','Digit9','inventory',1768832168,1768832168);
INSERT INTO keybindings VALUES('dpd9fwxxmpkza5mean6yda25','pz9edfoiw9deii5kprg3ceul','togglePerspective','F5','ui',1768832168,1768832168);
INSERT INTO keybindings VALUES('f7qkjcdn8yllbni581j4g09l','pz9edfoiw9deii5kprg3ceul','fullscreen','F11','ui',1768832168,1768832168);
INSERT INTO keybindings VALUES('fdc9p7nj2a51503ey1u06ws7','pz9edfoiw9deii5kprg3ceul','chat','KeyT','ui',1768832168,1768832168);
INSERT INTO keybindings VALUES('vt2l4a1hqi3e4asi4x81lvqi','pz9edfoiw9deii5kprg3ceul','command','Slash','ui',1768832168,1768832168);
INSERT INTO keybindings VALUES('oa1jxogmhoc05sv66z7d26gy','pz9edfoiw9deii5kprg3ceul','toggleHud','F1','ui',1768832168,1768832168);
INSERT INTO keybindings VALUES('l99ydeasfw3wnl0jbydu2v5k','nnme6jt35irtjgtrclef7pit','forward','KeyW','movement',1768835711,1768835711);
INSERT INTO keybindings VALUES('hjrd7b2fgz424gkfvzt6vd7w','nnme6jt35irtjgtrclef7pit','back','KeyS','movement',1768835711,1768835711);
INSERT INTO keybindings VALUES('ldn6907rgf4zurzlu0e9rs4y','nnme6jt35irtjgtrclef7pit','left','KeyA','movement',1768835711,1768835711);
INSERT INTO keybindings VALUES('mhu8jmljiijkd6v334nnliao','nnme6jt35irtjgtrclef7pit','right','KeyD','movement',1768835711,1768835711);
INSERT INTO keybindings VALUES('ao022j8jebb45wwo7g11o1yi','nnme6jt35irtjgtrclef7pit','jump','Space','movement',1768835711,1768835711);
INSERT INTO keybindings VALUES('vtwx7c7zhapgd6jyflg6pb46','nnme6jt35irtjgtrclef7pit','sneak','ShiftLeft','movement',1768835711,1768835711);
INSERT INTO keybindings VALUES('mkas05ikcolsd2w6ojgik0z4','nnme6jt35irtjgtrclef7pit','sprint','Equal','movement',1768835711,1768835711);
INSERT INTO keybindings VALUES('vkohfe2jr4ryzel28l2zg8pz','nnme6jt35irtjgtrclef7pit','attack','Mouse0','combat',1768835711,1768835711);
INSERT INTO keybindings VALUES('ayi3pc4rjevbjgn3ouhlg74i','nnme6jt35irtjgtrclef7pit','use','Mouse1','combat',1768835711,1768835711);
INSERT INTO keybindings VALUES('dsub9l0hd3td4zidvxtptxdd','nnme6jt35irtjgtrclef7pit','pickBlock','Mouse2','combat',1768835711,1768835711);
INSERT INTO keybindings VALUES('z2nlq5ud15jani3xvxgfspld','nnme6jt35irtjgtrclef7pit','drop','KeyZ','combat',1768835711,1768835711);
INSERT INTO keybindings VALUES('hm3beahmtaredyi0ucalabh8','nnme6jt35irtjgtrclef7pit','inventory','KeyE','inventory',1768835711,1768835711);
INSERT INTO keybindings VALUES('yv9p7401sv48eeqohipbgsnf','nnme6jt35irtjgtrclef7pit','swapHands','KeyQ','inventory',1768835711,1768835711);
INSERT INTO keybindings VALUES('apnorurx0mafw90ofu7p9a3y','nnme6jt35irtjgtrclef7pit','hotbar1','Digit1','inventory',1768835711,1768835711);
INSERT INTO keybindings VALUES('wnhn72es6zansdq3jviji8k5','nnme6jt35irtjgtrclef7pit','hotbar2','Digit2','inventory',1768835711,1768835711);
INSERT INTO keybindings VALUES('khekn2q7r6v9yjp4za5ylbzy','nnme6jt35irtjgtrclef7pit','hotbar3','Digit3','inventory',1768835711,1768835711);
INSERT INTO keybindings VALUES('nkd1udpwedw1rjd4hl7w4xgc','nnme6jt35irtjgtrclef7pit','hotbar4','Digit4','inventory',1768835711,1768835711);
INSERT INTO keybindings VALUES('blfxzj8wwydnyilyfk7u68k5','nnme6jt35irtjgtrclef7pit','hotbar5','KeyR','inventory',1768835711,1768835711);
INSERT INTO keybindings VALUES('k14nd75rsvcae8fdfewnmqjm','nnme6jt35irtjgtrclef7pit','hotbar6','KeyX','inventory',1768835711,1768835711);
INSERT INTO keybindings VALUES('y7cmgxe9axm758kp33petr1h','nnme6jt35irtjgtrclef7pit','hotbar7','KeyF','inventory',1768835711,1768835711);
INSERT INTO keybindings VALUES('n0mlhnub4uw0u3n61fzsg5ys','nnme6jt35irtjgtrclef7pit','hotbar8','KeyV','inventory',1768835711,1768835711);
INSERT INTO keybindings VALUES('rg5441iwglij7pkmu4cvt114','nnme6jt35irtjgtrclef7pit','hotbar9','KeyC','inventory',1768835711,1768835711);
INSERT INTO keybindings VALUES('vgjvikreayrtrkyfo569qj27','nnme6jt35irtjgtrclef7pit','togglePerspective','Mouse4','ui',1768835711,1768835711);
INSERT INTO keybindings VALUES('hpnumtsjut890wgl4tny76eu','nnme6jt35irtjgtrclef7pit','fullscreen','F11','ui',1768835711,1768835711);
INSERT INTO keybindings VALUES('fxonl6tiokz3d3a2u42hjd4n','nnme6jt35irtjgtrclef7pit','chat','KeyW','ui',1768835711,1768835711);
INSERT INTO keybindings VALUES('esdjbeqaxvoid1obv4zy8zpc','nnme6jt35irtjgtrclef7pit','command','Slash','ui',1768835711,1768835711);
INSERT INTO keybindings VALUES('h0p5gb9uomifnu5bd3q5upxy','omjsgv6srjjg8memg6kt4eie','forward','KeyW','movement',1768912395,1768912395);
INSERT INTO keybindings VALUES('z9bn4un28m936pn8t2ttagah','omjsgv6srjjg8memg6kt4eie','back','KeyS','movement',1768912395,1768912395);
INSERT INTO keybindings VALUES('nj4faw06p4ca267f7tzbp4i1','omjsgv6srjjg8memg6kt4eie','left','KeyA','movement',1768912395,1768912395);
INSERT INTO keybindings VALUES('kudq5r9skdix9j5u3enb2lat','omjsgv6srjjg8memg6kt4eie','right','KeyD','movement',1768912395,1768912395);
INSERT INTO keybindings VALUES('q2qjphthbetkpiayayyvq2wm','omjsgv6srjjg8memg6kt4eie','jump','Space','movement',1768912395,1768912395);
INSERT INTO keybindings VALUES('y9gbc2tu8mor5z2p7pprnjeg','omjsgv6srjjg8memg6kt4eie','sneak','ShiftLeft','movement',1768912395,1768912395);
INSERT INTO keybindings VALUES('yrsx4dyf7jyxiih2jrgnp0q3','omjsgv6srjjg8memg6kt4eie','sprint','Quote','movement',1768912395,1768912395);
INSERT INTO keybindings VALUES('oms1i7y9lmzzpiuopwaj21lo','omjsgv6srjjg8memg6kt4eie','attack','Mouse0','combat',1768912395,1768912395);
INSERT INTO keybindings VALUES('lmmv224gwwsknlgdwbrn62v7','omjsgv6srjjg8memg6kt4eie','use','Mouse1','combat',1768912395,1768912395);
INSERT INTO keybindings VALUES('ce0yxilppdx777djemhs1q9g','omjsgv6srjjg8memg6kt4eie','pickBlock','KeyR','combat',1768912395,1768912395);
INSERT INTO keybindings VALUES('shpvbgf4gqrxug8wgkwon854','omjsgv6srjjg8memg6kt4eie','drop','KeyQ','combat',1768912395,1768912395);
INSERT INTO keybindings VALUES('twnj21rg8wvs6nkic1noubga','omjsgv6srjjg8memg6kt4eie','inventory','KeyE','inventory',1768912395,1768912395);
INSERT INTO keybindings VALUES('fio7b8milizln9hg6cds85nv','omjsgv6srjjg8memg6kt4eie','swapHands','Mouse3','inventory',1768912395,1768912395);
INSERT INTO keybindings VALUES('qmlaz4m9a049mczwtl8zk1bs','omjsgv6srjjg8memg6kt4eie','hotbar1','KeyG','inventory',1768912395,1768912395);
INSERT INTO keybindings VALUES('kkzo38aat82t4qawpsm1qg1x','omjsgv6srjjg8memg6kt4eie','hotbar2','KeyF','inventory',1768912395,1768912395);
INSERT INTO keybindings VALUES('z0yl9ihzjyuuwjkpus5ldfe7','omjsgv6srjjg8memg6kt4eie','hotbar3','Digit1','inventory',1768912395,1768912395);
INSERT INTO keybindings VALUES('q82crou4w4zdtdyqyj64utpw','omjsgv6srjjg8memg6kt4eie','hotbar4','Digit2','inventory',1768912395,1768912395);
INSERT INTO keybindings VALUES('xjcf58si0iq9tvj328cwkegr','omjsgv6srjjg8memg6kt4eie','hotbar5','Digit3','inventory',1768912395,1768912395);
INSERT INTO keybindings VALUES('db2pmaaodvybkaapffi6br3z','omjsgv6srjjg8memg6kt4eie','hotbar6','KeyV','inventory',1768912395,1768912395);
INSERT INTO keybindings VALUES('ytwzco4hvsuv6ujfdufqjurb','omjsgv6srjjg8memg6kt4eie','hotbar7','KeyC','inventory',1768912395,1768912395);
INSERT INTO keybindings VALUES('y3sj0gw6o5kx4p8liatzo95v','omjsgv6srjjg8memg6kt4eie','hotbar8','KeyX','inventory',1768912395,1768912395);
INSERT INTO keybindings VALUES('pvix4iple59xfspcv1luz44x','omjsgv6srjjg8memg6kt4eie','hotbar9','KeyZ','inventory',1768912395,1768912395);
INSERT INTO keybindings VALUES('s7jk7y8i7ls924zyomsolog6','omjsgv6srjjg8memg6kt4eie','togglePerspective','Mouse4','ui',1768912395,1768912395);
INSERT INTO keybindings VALUES('hcvfkkorozrrweose28ohkpg','omjsgv6srjjg8memg6kt4eie','fullscreen','F11','ui',1768912395,1768912395);
INSERT INTO keybindings VALUES('tdq2dkecgjytunvkkdefogkx','omjsgv6srjjg8memg6kt4eie','chat','KeyT','ui',1768912395,1768912395);
INSERT INTO keybindings VALUES('iwgfgl93i45c8f7nwsond0po','omjsgv6srjjg8memg6kt4eie','command','Slash','ui',1768912395,1768912395);
CREATE TABLE IF NOT EXISTS `player_configs` (
	`id` text PRIMARY KEY NOT NULL,
	`user_id` text NOT NULL,
	`keyboard_layout` text,
	`keyboard_model` text,
	`mouse_dpi` integer,
	`game_sensitivity` real,
	`windows_speed` integer,
	`windows_speed_multiplier` real,
	`mouse_acceleration` integer DEFAULT false,
	`raw_input` integer DEFAULT true,
	`cm360` real,
	`mouse_model` text,
	`toggle_sprint` integer,
	`toggle_sneak` integer,
	`auto_jump` integer,
	`game_language` text,
	`fov` integer,
	`gui_scale` integer,
	`finger_assignments` text,
	`notes` text,
	`created_at` integer NOT NULL,
	`updated_at` integer NOT NULL,
	FOREIGN KEY (`user_id`) REFERENCES `users`(`id`) ON UPDATE no action ON DELETE cascade
);
INSERT INTO player_configs VALUES('ugtbzaiuj8ib05jde3go1a38','q5kktc9y6u1cy5t1f9w7iw7r','US-TKL','Keychron Q3 HE',2200,0.02291165,4,0.25,0,1,17.73,'Endgame Gear XM2we',1,0,0,'sv_se',110,5,'{"F4":["left-index"],"Tab":["left-ring"],"KeyA":["left-ring"],"KeyB":["left-thumb"],"KeyC":["left-index","left-thumb"],"KeyD":["left-index"],"KeyE":["left-index"],"KeyF":["left-index"],"KeyG":["left-index"],"KeyH":["left-index"],"KeyM":["left-thumb"],"KeyN":["left-thumb"],"KeyQ":["left-ring"],"KeyR":["left-index"],"KeyS":["left-middle"],"KeyT":["left-index"],"KeyV":["left-thumb"],"KeyW":["left-middle"],"KeyX":["left-middle"],"KeyZ":["left-ring"],"Space":["left-thumb"],"Digit1":["left-ring"],"Digit2":["left-middle"],"Digit3":["left-index"],"Digit4":["left-index"],"Digit5":["left-index"],"Escape":["left-ring"],"Mouse2":["right-index"],"Mouse4":["right-thumb"],"AltLeft":["left-thumb"],"CapsLock":["left-pinky","left-ring"],"MetaLeft":["left-pinky"],"Backquote":["left-ring"],"ShiftLeft":["left-pinky"],"ControlLeft":["left-pinky"]}','1440p',1768806629,1768813285);
INSERT INTO player_configs VALUES('uxx94h6rb9cssh7gqecq9bp8','tdff58o2xsaquvdu40fqbbm9','JIS_TKL','iClever G06',4300,0.054637346,6,NULL,0,1,5.81,'HyperX Pulsefire Haste',0,0,0,'en_us',NULL,4,'{"KeyQ":["left-ring"],"KeyA":["left-ring"],"KeyS":["left-middle"],"KeyW":["left-middle"],"KeyE":["left-index"],"KeyD":["left-index"],"ControlLeft":["left-pinky"],"ShiftLeft":["left-pinky"],"CapsLock":["left-pinky"],"Tab":["left-ring"],"Escape":["left-ring"],"F3":["left-index"],"KeyZ":["left-ring"],"KeyX":["left-middle"],"KeyC":["left-thumb"],"KeyV":["left-thumb"],"Space":["left-thumb"],"KeyF":["left-index"],"KeyG":["left-index"],"KeyR":["left-index"],"KeyT":["left-index"],"KeyY":["left-index"],"KeyH":["left-index"],"Digit3":["left-index"],"Digit4":["left-index"],"Digit5":["left-index"],"Digit6":["left-index"],"KeyN":["left-thumb"]}',NULL,1768818122,1768891435);
INSERT INTO player_configs VALUES('i7vyyezx5a0bl34tmzh1tiep','x9kgx3mc9sjeyedyn32htky4','JIS-TKL','Logicool G515 rapid tkl',10500,0.058765005,NULL,NULL,0,1,2.79,'Endgame Gear OP1w 4K',1,0,0,'en_us',NULL,NULL,'{"F3":["left-index"],"Tab":["left-ring"],"KeyA":["left-ring"],"KeyB":["left-thumb"],"KeyC":["left-index"],"KeyD":["left-index"],"KeyE":["left-index"],"KeyF":["left-index"],"KeyG":["left-index"],"KeyH":["left-index"],"KeyJ":["left-thumb"],"KeyM":["left-thumb"],"KeyN":["left-thumb"],"KeyQ":["left-ring"],"KeyR":["left-index"],"KeyS":["left-middle"],"KeyT":["left-index"],"KeyU":["left-index"],"KeyV":["left-thumb"],"KeyW":["left-middle"],"KeyY":["left-index"],"KeyZ":["left-ring"],"Space":["left-thumb"],"Digit1":["left-ring"],"Digit2":["left-ring"],"Digit3":["left-index"],"Digit4":["left-index"],"Digit5":["left-index"],"Digit6":["left-index"],"Mouse2":["right-index"],"Mouse3":["right-thumb"],"Mouse4":["right-thumb"],"Convert":["left-thumb"],"CapsLock":["left-ring"],"ShiftLeft":["left-pinky"],"ControlLeft":["left-pinky"]}','マウスホイール:DPIcycle',1768818228,1768818233);
INSERT INTO player_configs VALUES('w64lqsiqxibdzojbhx79j8f8','x436wo1dxmk5o2rxcwblmbad','US','Pulsar PCMK 2HE TKL',3200,0.0204203445464373,6,NULL,0,1,12.45,'Glorious Model O',0,0,0,'en_us',110,4,NULL,NULL,1768818698,1768818876);
INSERT INTO player_configs VALUES('gmm5xjikk5p9fm8959lgmcuu','bhq8datetxb7kk74tvjnyvxc','JIS_TKL','icrever G01',12000,0.036029283,3,NULL,0,1,2.92,'Logicool G PRO wireless',0,0,0,'en_us',110,4,'{"Tab":["left-ring"],"KeyA":["left-ring"],"KeyC":["left-index"],"KeyD":["left-index"],"KeyE":["left-index"],"KeyF":["left-index"],"KeyG":["left-index"],"KeyQ":["left-ring"],"KeyR":["left-index"],"KeyS":["left-middle"],"KeyT":["left-index"],"KeyV":["left-index"],"KeyW":["left-middle"],"KeyX":["left-middle"],"KeyZ":["left-ring"],"Space":["left-thumb"],"Digit1":["left-ring"],"Digit2":["left-middle"],"Digit3":["left-index"],"Digit4":["left-index"],"Digit5":["left-index"],"ShiftLeft":["left-pinky"],"F1":["left-middle"]}',NULL,1768819132,1768820531);
INSERT INTO player_configs VALUES('k9ih2we94z1t1wlp72n3e2tz','q5oraqnc78vo0idzajgllpb9','JIS',NULL,11100,0.065,NULL,NULL,0,1,2.51,'Logicool G304 lightspeed',NULL,NULL,NULL,'ja_jp',NULL,NULL,NULL,NULL,1768819499,1768819499);
INSERT INTO player_configs VALUES('uh72e59n5003kljca5m0ms3o','rpf8ds6y7gwm7cjolh98ojgp','US',NULL,9800,0.15,3,NULL,0,1,NULL,NULL,0,0,0,'ja_jp',80,NULL,'{"ShiftLeft":["left-pinky"],"ControlLeft":["left-pinky"],"Digit1":["left-middle"],"Digit2":["left-middle"],"Digit3":["left-index"],"KeyQ":["left-ring"],"KeyW":["left-middle"],"KeyA":["left-ring"],"KeyS":["left-middle"],"KeyE":["left-index"],"KeyD":["left-index"],"KeyR":["left-index"],"KeyF":["left-index"],"Digit4":["left-index"],"Digit5":["left-index"],"Space":["left-thumb"],"Mouse4":["right-thumb"],"Mouse3":["right-thumb"],"Mouse0":["right-index"],"Mouse1":["right-middle"],"サイド3":["right-ring"],"サイド4":["right-pinky"],"MB5":["right-ring"],"Mouse2":["right-index"]}',NULL,1768820517,1768825335);
INSERT INTO player_configs VALUES('r6fwwz81gin1vvlshak7fsmv','uov46rhs9eew12vtxt6muilq','US_TKL','wobkey crush80',5600,0.014033499,10,NULL,0,0,7.51,'glorious model i',0,0,0,'ja_jp',110,3,'{"Tab":["left-pinky"],"KeyA":["left-ring"],"KeyB":["left-thumb"],"KeyC":["left-thumb"],"KeyD":["left-index"],"KeyE":["left-index"],"KeyF":["left-index"],"KeyG":["left-index"],"KeyM":["left-thumb"],"KeyN":["left-thumb"],"KeyQ":["left-ring"],"KeyR":["left-index"],"KeyS":["left-middle"],"KeyT":["left-index"],"KeyV":["left-thumb"],"KeyW":["left-middle"],"KeyX":["left-index"],"Space":["left-thumb"],"Digit1":["left-ring"],"Digit2":["left-ring"],"Digit3":["left-index"],"Digit4":["left-index"],"Mouse3":["right-thumb"],"Mouse4":["right-thumb"],"AltLeft":["left-thumb","left-index"],"CapsLock":["left-pinky"],"ShiftLeft":["left-pinky"],"Mouse2":["right-middle"],"Mouse0":["right-index"],"Mouse1":["right-middle"]}','マウスにF3、リセットも設定してます',1768822643,1768910954);
INSERT INTO player_configs VALUES('p1qt6x2yjnggw7mz4bdnvepf','dlmr15u5lmmz3e1uby1onmo4','US-TKL','REALFORCE R3 Keyboard Mac 配列 / R3HH21',2400,0.02291165,NULL,NULL,0,1,16.26,'Logicool G502 LIGHTSPEED',NULL,NULL,NULL,'en_us',NULL,NULL,NULL,NULL,1768822827,1768822827);
INSERT INTO player_configs VALUES('hdr4495xg0lpn5rwnxmdkmev','m7rwiysh0olayep1o7kp6fxj','JIS','G413 TKL SE',22500,0.010085808,NULL,NULL,0,1,1.94,'Logicool G502HERO',0,0,0,'cs_cz',NULL,NULL,'{"Tab":["left-ring"],"KeyA":["left-ring"],"KeyC":["left-index"],"KeyD":["left-index"],"KeyE":["left-index"],"KeyF":["left-index"],"KeyH":["left-index"],"KeyK":["left-index"],"KeyN":["left-thumb"],"KeyQ":["left-ring"],"KeyR":["left-index"],"KeyS":["left-middle"],"KeyT":["left-index"],"KeyV":["left-index"],"KeyW":["left-middle"],"KeyX":["left-index"],"KeyY":["left-index"],"KeyZ":["left-thumb"],"Space":["left-thumb"],"Digit1":["left-ring"],"Digit2":["left-ring"],"Digit3":["left-middle"],"Digit4":["left-index"],"Digit5":["left-index"],"Mouse2":["right-index"],"Mouse4":["right-thumb"],"AltLeft":["left-thumb"],"MetaLeft":["left-thumb"],"ShiftLeft":["left-pinky"],"ControlLeft":["left-pinky"],"ControlRight":["right-index"]}','LeftWinキーはHではなくħです',1768824284,1768825503);
INSERT INTO player_configs VALUES('rowznti96v9v6agnmg0hnvl1','pz9edfoiw9deii5kprg3ceul','JIS_TKL','VK720A',12800,0,1,NULL,0,1,NULL,'Logicool G704 Lightspeed',0,0,0,'ca_es',110,4,NULL,'言語は適当に自分で見つけました',1768832168,1768832717);
INSERT INTO player_configs VALUES('i2u2znrgnitwtvcjfkxzet6m','nnme6jt35irtjgtrclef7pit','JIS','Apple Magic Keyboard',2400,0.02291165,NULL,NULL,0,1,16.26,'Ninjutso Sora V2',1,0,0,'da_dk',NULL,NULL,'{"F1":["left-middle"],"F2":["left-middle"],"F3":["left-index"],"F5":["left-index"],"F11":["left-index"],"Tab":["left-ring"],"KeyA":["left-ring"],"KeyB":["left-thumb"],"KeyC":["left-index"],"KeyD":["left-index"],"KeyE":["left-index"],"KeyF":["left-index"],"KeyG":["left-thumb"],"KeyI":["left-index"],"KeyL":["left-index"],"KeyP":["left-index"],"KeyQ":["left-ring"],"KeyR":["left-index"],"KeyS":["left-middle"],"KeyT":["left-index"],"KeyU":["left-thumb"],"KeyV":["left-index"],"KeyW":["left-middle"],"KeyX":["left-index"],"KeyY":["left-index"],"KeyZ":["left-ring"],"Comma":["left-index"],"Equal":["left-index"],"Slash":["right-index"],"Space":["left-thumb"],"Digit0":["left-thumb"],"Digit1":["left-ring"],"Digit2":["left-ring"],"Digit3":["left-index"],"Digit4":["left-index"],"Digit5":["left-index"],"Digit6":["left-index"],"Digit7":["left-index"],"Escape":["left-middle"],"Mouse2":["right-middle"],"Mouse3":["right-thumb"],"Mouse4":["right-thumb"],"Period":["left-index"],"AltLeft":["left-thumb"],"Convert":["left-thumb"],"CapsLock":["left-pinky"],"KanaMode":["right-thumb"],"MetaLeft":["left-thumb"],"ShiftLeft":["left-pinky"],"NonConvert":["left-thumb"],"BracketLeft":["left-index"],"ControlLeft":["left-pinky"]}','これがmagic keyboard。',1768835715,1768837085);
INSERT INTO player_configs VALUES('zenu68pvv3f4ddcl03rqswda','omjsgv6srjjg8memg6kt4eie','JIS_TKL','Logicool G G913TKL',9600,0.02291165,4,NULL,0,1,4.06,'Endgame Gear XM2w 4k',1,0,0,'eu_es',120,4,'{"F3":["left-index"],"F6":["left-middle"],"F7":["left-middle"],"F11":["left-middle"],"Tab":["left-middle"],"KeyA":["left-ring"],"KeyB":["left-thumb"],"KeyC":["left-index"],"KeyD":["left-index"],"KeyE":["left-index"],"KeyF":["left-index"],"KeyG":["left-thumb","left-index"],"KeyI":["left-middle"],"KeyJ":["left-index"],"KeyM":["left-index"],"KeyN":["left-index"],"KeyO":["left-middle"],"KeyQ":["left-ring"],"KeyR":["left-index"],"KeyS":["left-middle"],"KeyT":["left-index"],"KeyU":["left-index"],"KeyV":["left-index"],"KeyW":["left-middle"],"KeyX":["left-middle","left-index"],"KeyZ":["left-ring"],"Slash":["left-middle"],"Space":["left-thumb"],"Digit0":["left-thumb","right-index"],"Digit1":["left-pinky"],"Digit2":["left-ring","left-middle"],"Digit3":["left-middle","left-index"],"Digit4":["left-index"],"Digit5":["left-index"],"Digit6":["left-index"],"Digit7":["left-index"],"Escape":["left-middle","left-ring"],"Mouse2":["right-middle"],"Mouse3":["right-thumb"],"Mouse4":["right-thumb"],"ArrowUp":["left-index"],"CapsLock":["left-pinky"],"ShiftLeft":["left-pinky"],"ArrowRight":["left-index"],"ControlLeft":["left-pinky"]}',NULL,1768912400,1768914320);
CREATE TABLE IF NOT EXISTS `search_crafts` (
	`id` text PRIMARY KEY NOT NULL,
	`user_id` text NOT NULL,
	`sequence` integer NOT NULL,
	`items` text NOT NULL,
	`keys` text NOT NULL,
	`search_str` text,
	`comment` text,
	`created_at` integer NOT NULL,
	`updated_at` integer NOT NULL,
	FOREIGN KEY (`user_id`) REFERENCES `users`(`id`) ON UPDATE no action ON DELETE cascade
);
INSERT INTO search_crafts VALUES('wwldzwngzpyszrk8q2pxau47','q5kktc9y6u1cy5t1f9w7iw7r',1,'["minecraft:bread"]','["KeyR","KeyY"]','rö',NULL,1768806635,1768806635);
INSERT INTO search_crafts VALUES('yij7nhr7fqaqp9ff2n728lb8','q5kktc9y6u1cy5t1f9w7iw7r',2,'["minecraft:stone_axe"]','["KeyN","KeyY"]','ny',NULL,1768806635,1768806635);
INSERT INTO search_crafts VALUES('bf5ta09gvnzedpabrltqb1yo','q5kktc9y6u1cy5t1f9w7iw7r',3,'["minecraft:bucket"]','["KeyE","KeyI"]','hi','"hi"という文字列なのがいいなあと思って書いただけ。使わない。',1768806635,1768806635);
INSERT INTO search_crafts VALUES('xcqzpwllbjz9dft87iyp6qgy','q5kktc9y6u1cy5t1f9w7iw7r',4,'["minecraft:golden_helmet","minecraft:golden_pickaxe"]','["KeyA","KeyE"]','dh','スラッグ：金チェス',1768806635,1768806635);
INSERT INTO search_crafts VALUES('gmrri8iwt1ee9l1i7h4vo3wf','q5kktc9y6u1cy5t1f9w7iw7r',5,'["minecraft:iron_ingot"]','["KeyN","KeyT"]','nt',replace('rntにすれば確実。\nntだとダイヤ系のスラッグは出るけど、実質問題になるのは階段と感圧版くらい。','\n',char(10)),1768806635,1768806635);
INSERT INTO search_crafts VALUES('vc2aiahmr634y00bgq0d8ayi','q5kktc9y6u1cy5t1f9w7iw7r',6,'["minecraft:iron_pickaxe"]','["KeyN","KeyE"]','nh','スラッグ：鉄装備2種',1768806635,1768806635);
INSERT INTO search_crafts VALUES('wb8sk66qto1okwmjjbjdnbmf','q5kktc9y6u1cy5t1f9w7iw7r',7,'["minecraft:iron_axe"]','["KeyN","KeyY"]','ny',NULL,1768806635,1768806635);
INSERT INTO search_crafts VALUES('q9lpzwjolhv04b6su8l5zjg5','q5kktc9y6u1cy5t1f9w7iw7r',8,'["minecraft:iron_sword"]','["KeyN","KeyS","KeyL"]','nsv',NULL,1768806635,1768806635);
INSERT INTO search_crafts VALUES('xm4i1znzt3pz665qrewgyboq','q5kktc9y6u1cy5t1f9w7iw7r',9,'["minecraft:gold_ingot"]','["KeyA","KeyT"]','dt',NULL,1768806635,1768806635);
INSERT INTO search_crafts VALUES('d2ob22ptgu3qja98lv3ereip','q5kktc9y6u1cy5t1f9w7iw7r',10,'["minecraft:golden_apple","minecraft:golden_carrot"]','["KeyL","KeyW"]','le',NULL,1768806635,1768806635);
INSERT INTO search_crafts VALUES('ov7q0p1odkefdnzxyxuwy28h','q5kktc9y6u1cy5t1f9w7iw7r',11,'["minecraft:glowstone","minecraft:nether_bricks"]','["KeyT","KeyW"]','te',NULL,1768806635,1768806635);
INSERT INTO search_crafts VALUES('xh4737xqo0kz7qbo5qxt3kui','q5kktc9y6u1cy5t1f9w7iw7r',12,'["minecraft:white_wool"]','["KeyU"]','u',NULL,1768806635,1768806635);
INSERT INTO search_crafts VALUES('fci0yooizb2p19g7pmmb1cnv','q5kktc9y6u1cy5t1f9w7iw7r',13,'["minecraft:white_bed"]','["KeyS","KeyZ"]','sä',NULL,1768806635,1768806635);
INSERT INTO search_crafts VALUES('rcuqqoqshnbjnkpxpqptrtfw','q5kktc9y6u1cy5t1f9w7iw7r',14,'["minecraft:respawn_anchor"]','["KeyS","KeyW"]','se',NULL,1768806635,1768806635);
INSERT INTO search_crafts VALUES('vet51j929gwzukal37e8odev','q5kktc9y6u1cy5t1f9w7iw7r',15,'["minecraft:tripwire_hook"]','["KeyS","KeyN"]','sn',NULL,1768806635,1768806635);
INSERT INTO search_crafts VALUES('fgk27jenut4ndytzqcdya8av','q5kktc9y6u1cy5t1f9w7iw7r',16,'["minecraft:crossbow"]','["KeyR","KeyS"]','rs',NULL,1768806635,1768806635);
INSERT INTO search_crafts VALUES('rjpldvtl50r6rvxbcij4a94m','q5kktc9y6u1cy5t1f9w7iw7r',17,'["minecraft:bow"]','["KeyH","KeyG"]','åg',NULL,1768806635,1768806635);
INSERT INTO search_crafts VALUES('k97l3afhwkjufq3g756qypep','q5kktc9y6u1cy5t1f9w7iw7r',18,'["minecraft:ender_eye","minecraft:blaze_powder"]','["KeyW","KeyR"]','er',NULL,1768806635,1768806635);
INSERT INTO search_crafts VALUES('g5b7pdl8zjpp7udl1x4n8yat','x9kgx3mc9sjeyedyn32htky4',1,'["minecraft:white_bed","minecraft:respawn_anchor"]','["KeyW","KeyS"]','wn','うん',1768818235,1768818235);
INSERT INTO search_crafts VALUES('ne2qqzho2h8jz8z7tqn11tm9','x9kgx3mc9sjeyedyn32htky4',2,'["minecraft:bow"]','["KeyO","KeyW"]','ow','おう',1768818235,1768818235);
INSERT INTO search_crafts VALUES('jalk79cfavel5pbdugrpdq25','x9kgx3mc9sjeyedyn32htky4',3,'["minecraft:stick","minecraft:golden_pickaxe"]','["KeyI","KeyC"]','ic','オマエもic最高と叫びなさい！！',1768818235,1768818235);
INSERT INTO search_crafts VALUES('ezx7fjizbxkquu0pg35r7139','x9kgx3mc9sjeyedyn32htky4',4,'["minecraft:iron_ingot","minecraft:gold_ingot"]','["KeyO","KeyT"]','ot',NULL,1768818235,1768818235);
INSERT INTO search_crafts VALUES('a9bg61jmay2zygsk0nsq3hse','x9kgx3mc9sjeyedyn32htky4',5,'["minecraft:white_bed","minecraft:iron_sword"]','["KeyR","KeyO"]','ro','ろ',1768818235,1768818235);
INSERT INTO search_crafts VALUES('ouuzq3ij629yjpocem5hjfk4','x9kgx3mc9sjeyedyn32htky4',6,'["minecraft:golden_pickaxe"]','["Digit8"]','8',NULL,1768818235,1768818235);
INSERT INTO search_crafts VALUES('c3f56gx282wmjfznj72avkbg','x9kgx3mc9sjeyedyn32htky4',7,'["minecraft:shield"]','["KeyI","KeyE"]','ie','いえ',1768818235,1768818235);
INSERT INTO search_crafts VALUES('hihz2pelgsb2j8309qkwwqr2','x9kgx3mc9sjeyedyn32htky4',8,'["minecraft:iron_ingot","minecraft:iron_axe","minecraft:iron_sword"]','["KeyR","KeyO"]','ro',NULL,1768818235,1768818235);
INSERT INTO search_crafts VALUES('emn4ajylvzqpx6fw1qouut9y','x9kgx3mc9sjeyedyn32htky4',9,'["minecraft:golden_apple"]','["KeyG","KeyO"]','go','ご',1768818235,1768818235);
INSERT INTO search_crafts VALUES('k0ja3fgbfog1649j75e6qfbm','x9kgx3mc9sjeyedyn32htky4',10,'["minecraft:gold_nugget"]','["KeyG","KeyG"]','gg',NULL,1768818235,1768818235);
INSERT INTO search_crafts VALUES('n5rtj2z5l1ucwkrtpbqrt39b','x9kgx3mc9sjeyedyn32htky4',11,'["minecraft:golden_carrot"]','["KeyR","KeyR"]','rr',NULL,1768818235,1768818235);
INSERT INTO search_crafts VALUES('glpz1wobq4df3bdncm5n5qtl','x9kgx3mc9sjeyedyn32htky4',12,'["minecraft:stone_axe","minecraft:iron_axe"]','["Digit8"]','8',NULL,1768818235,1768818235);
INSERT INTO search_crafts VALUES('zmh5ksm1ubfsu2ym7o2fnvvq','x9kgx3mc9sjeyedyn32htky4',13,'["minecraft:stone_sword","minecraft:iron_sword","minecraft:diamond_sword"]','["Digit4"]','4','？？？「4！！」',1768818235,1768818235);
INSERT INTO search_crafts VALUES('gih25k69syrplfx6o1ts4dut','x9kgx3mc9sjeyedyn32htky4',14,'["minecraft:stone_shovel","minecraft:iron_shovel","minecraft:diamond_shovel"]','["Digit5"]','5',NULL,1768818235,1768818235);
INSERT INTO search_crafts VALUES('j1p5cugk76c6j749p1ubd150','x9kgx3mc9sjeyedyn32htky4',15,'["minecraft:bread"]','["KeyR","KeyE"]','re','れ',1768818235,1768818235);
INSERT INTO search_crafts VALUES('ndx5jw30vsk48kcmjpqo2sna','x9kgx3mc9sjeyedyn32htky4',16,'["minecraft:bucket"]','["KeyC","KeyK"]','ck',NULL,1768818235,1768818235);
INSERT INTO search_crafts VALUES('g7hybhcpeh15evlolc9alqj2','tdff58o2xsaquvdu40fqbbm9',1,'["minecraft:iron_axe","minecraft:iron_ingot","minecraft:iron_sword","minecraft:iron_bars","minecraft:golden_carrot","minecraft:white_bed"]','[]','ro',replace('廃要塞はこれがないと生きていけない\n万能すぎる','\n',char(10)),1768820913,1768820913);
INSERT INTO search_crafts VALUES('cnujaa8u3j9qptxiuexf0l3h','tdff58o2xsaquvdu40fqbbm9',2,'["minecraft:white_bed","minecraft:bow"]','[]','ow','ボウル🥣邪魔',1768820913,1768820913);
INSERT INTO search_crafts VALUES('ntlwrru3ri45h71rrkyl4e24','tdff58o2xsaquvdu40fqbbm9',3,'["minecraft:respawn_anchor"]','[]','aw','ジャンクなし！',1768820913,1768820913);
INSERT INTO search_crafts VALUES('q4yrpcfpld6yknvxomutw49c','tdff58o2xsaquvdu40fqbbm9',4,'["minecraft:golden_pickaxe"]','[]','x','"ka"でした方がいいんだろうけど…',1768820913,1768820913);
INSERT INTO search_crafts VALUES('rvjt4oyiuszxba961sw24hsg','tdff58o2xsaquvdu40fqbbm9',5,'["minecraft:golden_pickaxe","minecraft:golden_helmet"]','[]','2','ほとんどブリッジでしか使いません',1768820913,1768820913);
INSERT INTO search_crafts VALUES('wld3zx25flly4x62fzs2clxg','tdff58o2xsaquvdu40fqbbm9',6,'["minecraft:iron_sword","minecraft:stone_sword"]','[]','4','4キー地味に打ちやすくて好き',1768820913,1768820913);
INSERT INTO search_crafts VALUES('o8pfuio9waufrzc8m2ixvrw2','tdff58o2xsaquvdu40fqbbm9',7,'["minecraft:iron_axe"]','[]','1','あんま使わん',1768820913,1768820913);
INSERT INTO search_crafts VALUES('ukvw7ogbvm5np2y9u29h4ibh','m7rwiysh0olayep1o7kp6fxj',1,'["minecraft:white_bed","minecraft:respawn_anchor","minecraft:ender_eye"]','[]','ne','Mの前にスペースが入ります',1768825362,1768825362);
INSERT INTO search_crafts VALUES('gcaklsu9n6pxq2jzg27saqpf','m7rwiysh0olayep1o7kp6fxj',2,'["minecraft:bow"]','[]','lu',NULL,1768825362,1768825362);
INSERT INTO search_crafts VALUES('wpsiolw1a67e447sfyg777tf','m7rwiysh0olayep1o7kp6fxj',3,'["minecraft:golden_carrot","minecraft:wooden_axe","minecraft:iron_axe","minecraft:diamond_axe","minecraft:stone_axe","minecraft:golden_axe"]','[]','ke',NULL,1768825362,1768825362);
INSERT INTO search_crafts VALUES('jnoyu9kol4l8kwegmfvw1zs4','m7rwiysh0olayep1o7kp6fxj',4,'["minecraft:wooden_pickaxe","minecraft:iron_pickaxe","minecraft:diamond_pickaxe","minecraft:stone_pickaxe","minecraft:golden_pickaxe"]','[]','kr','＋グロウストーン',1768825362,1768825362);
INSERT INTO search_crafts VALUES('en0tvs6e9dzcg0iu4iuc13cc','nnme6jt35irtjgtrclef7pit',1,'["minecraft:white_wool"]','["KeyD","Char__"]',NULL,NULL,1768835721,1768835721);
INSERT INTO search_crafts VALUES('wyln9rgior9xgmzhqbz8mvak','nnme6jt35irtjgtrclef7pit',2,'["minecraft:white_bed","minecraft:golden_carrot"]','["KeyQ","Char__"]',NULL,NULL,1768835721,1768835721);
INSERT INTO search_crafts VALUES('r7x9zck2huzj7al5v582q89s','nnme6jt35irtjgtrclef7pit',3,'["minecraft:respawn_anchor"]','["KeyQ","KeyE"]',NULL,NULL,1768835721,1768835721);
INSERT INTO search_crafts VALUES('z4sisjk0btd4czmzg5nwv8py','nnme6jt35irtjgtrclef7pit',4,'["minecraft:iron_ingot","minecraft:gold_ingot"]','["KeyR","KeyR"]',NULL,NULL,1768835721,1768835721);
INSERT INTO search_crafts VALUES('ou87i17uducdr2bze2frj9ys','nnme6jt35irtjgtrclef7pit',5,'["minecraft:iron_axe","minecraft:stone_axe"]','["KeyQ","Char_∅"]',NULL,NULL,1768835721,1768835721);
INSERT INTO search_crafts VALUES('qlodlk3lrmx40fry15o32qtm','nnme6jt35irtjgtrclef7pit',6,'["minecraft:stick"]','["KeyQ","KeyD"]',NULL,NULL,1768835721,1768835721);
INSERT INTO search_crafts VALUES('rnn56qvkcw6co5lhscb8yo8b','nnme6jt35irtjgtrclef7pit',7,'["minecraft:iron_sword"]','["Digit4"]',NULL,NULL,1768835721,1768835721);
CREATE TABLE IF NOT EXISTS `social_links` (
	`id` text PRIMARY KEY NOT NULL,
	`user_id` text NOT NULL,
	`platform` text NOT NULL,
	`identifier` text NOT NULL,
	`display_order` integer DEFAULT 0 NOT NULL,
	`created_at` integer NOT NULL,
	`updated_at` integer NOT NULL,
	FOREIGN KEY (`user_id`) REFERENCES `users`(`id`) ON UPDATE no action ON DELETE cascade
);
INSERT INTO social_links VALUES('m5zaiai7s98h57l4bcwxy59w','q5kktc9y6u1cy5t1f9w7iw7r','youtube','bafv4',0,1768809419,1768809419);
INSERT INTO social_links VALUES('mh8veohgsc7aovwf0sxqzllr','q5kktc9y6u1cy5t1f9w7iw7r','speedruncom','bafv4',0,1768809439,1768809439);
INSERT INTO social_links VALUES('qy8t8xz9ifj99e15vnah4uu8','q5kktc9y6u1cy5t1f9w7iw7r','twitch','bafv4',0,1768809452,1768809452);
INSERT INTO social_links VALUES('sjnm04rocj5afgp9974rokdb','tdff58o2xsaquvdu40fqbbm9','twitter','Gonn1073741824',0,1768818429,1768818429);
INSERT INTO social_links VALUES('i5jfy3flw90npei3vu145y4f','tdff58o2xsaquvdu40fqbbm9','twitch','gonfox_speedrun',0,1768818450,1768818450);
INSERT INTO social_links VALUES('vbaqysvlz50e9li2qvbqepo8','tdff58o2xsaquvdu40fqbbm9','youtube','gon_foxRTA',0,1768818489,1768821490);
INSERT INTO social_links VALUES('r3q3h5lo4x1eal9yg26vf1hl','tdff58o2xsaquvdu40fqbbm9','speedruncom','GON_fox',0,1768818504,1768818504);
INSERT INTO social_links VALUES('stiztpkil8ciw7gikszj50sg','bhq8datetxb7kk74tvjnyvxc','youtube','dorayaki_rta',0,1768819474,1768820353);
INSERT INTO social_links VALUES('amw0tpm8pqvkvmd5tcrja669','bhq8datetxb7kk74tvjnyvxc','speedruncom','dorayaki_rta',0,1768819495,1768819495);
INSERT INTO social_links VALUES('oh4aszeev7i5td5geiydua6r','bhq8datetxb7kk74tvjnyvxc','twitter','dorayaki679845',0,1768819517,1768819542);
INSERT INTO social_links VALUES('yiu7dwqlrrfqkxtq2xbaqgdh','x436wo1dxmk5o2rxcwblmbad','twitter','nal_mcsr',0,1768819790,1768819790);
INSERT INTO social_links VALUES('y6dychr84bftp4advjy70rl8','x436wo1dxmk5o2rxcwblmbad','youtube','nal_kun',0,1768820128,1768820128);
INSERT INTO social_links VALUES('t39q8sec5xibwskxha6m3mx7','x436wo1dxmk5o2rxcwblmbad','speedruncom','nalkun',0,1768820436,1768820436);
INSERT INTO social_links VALUES('rwsiyaloorcju58uiudenhfz','q5oraqnc78vo0idzajgllpb9','twitter','aKlrwQaYbi46409',0,1768821160,1768821160);
INSERT INTO social_links VALUES('sdbp24g908e9fp9a6yok53ss','q5oraqnc78vo0idzajgllpb9','twitch','ponkichi750',0,1768821237,1768821237);
INSERT INTO social_links VALUES('ilek20g1irqjt1gzdw4u83jr','rpf8ds6y7gwm7cjolh98ojgp','twitter','matcha_late',0,1768822218,1768822218);
INSERT INTO social_links VALUES('gm5s42wkjhdlgjkugnck0fg3','rpf8ds6y7gwm7cjolh98ojgp','youtube','dekitate_matchalatte',0,1768822239,1768822239);
INSERT INTO social_links VALUES('zwykexc4rldf4uwr9u9aibht','uov46rhs9eew12vtxt6muilq','youtube','Atu_rta',0,1768822877,1768822877);
INSERT INTO social_links VALUES('xsnrcj3yfkn7f6karyv6cmqo','uov46rhs9eew12vtxt6muilq','twitch','atu_rta',0,1768822922,1768822922);
INSERT INTO social_links VALUES('xfgcagmrsibvgzpkafz1yk5j','dlmr15u5lmmz3e1uby1onmo4','twitter','oyaniwatori',0,1768822992,1768822992);
INSERT INTO social_links VALUES('nppphz8jtqkrii9dy36xe49u','uov46rhs9eew12vtxt6muilq','twitter','atu_rta',0,1768822996,1768822996);
INSERT INTO social_links VALUES('vn156pxr315zgfic3ghwr29j','m7rwiysh0olayep1o7kp6fxj','twitch','foco_mcsr',0,1768824794,1768824794);
INSERT INTO social_links VALUES('vpl3vqflvx020gys37gpsaod','m7rwiysh0olayep1o7kp6fxj','youtube','foco-yukkuri-game',0,1768824899,1768824899);
INSERT INTO social_links VALUES('lp6jlpsc4wvd6z4jncoklke0','m7rwiysh0olayep1o7kp6fxj','twitter','focoyuka',0,1768824991,1768824991);
INSERT INTO social_links VALUES('ecr37ckm6bjzd2ktrta5w7nd','pz9edfoiw9deii5kprg3ceul','youtube','Tsubaki88-c3r',0,1768832444,1768832541);
INSERT INTO social_links VALUES('vw9k864mkgf015jj9fx8glbi','pz9edfoiw9deii5kprg3ceul','twitch','tsubaki8029',0,1768832484,1768832484);
INSERT INTO social_links VALUES('we5423tdy6p8ltw8xndyh425','pz9edfoiw9deii5kprg3ceul','twitter','Tsubaki-c3r',0,1768832578,1768832578);
INSERT INTO social_links VALUES('lno7z393i88tq7ocxxvunzhc','pz9edfoiw9deii5kprg3ceul','speedruncom','tsubaki8029',0,1768832588,1768832588);
INSERT INTO social_links VALUES('fk7tcvy8sc8ypllx96gwunih','nnme6jt35irtjgtrclef7pit','speedruncom','SamonRTA',0,1768836239,1768836239);
INSERT INTO social_links VALUES('rp1wtit9msgjuirkkdoglxyz','nnme6jt35irtjgtrclef7pit','youtube','samonRTA',0,1768836267,1768836307);
INSERT INTO social_links VALUES('jeefclnovw69ast6ikk3dfk2','nnme6jt35irtjgtrclef7pit','twitch','samonrta',0,1768836591,1768836591);
INSERT INTO social_links VALUES('jctoa7h4vefjqcvm0g6i0tsd','nnme6jt35irtjgtrclef7pit','twitter','samonmcsr',0,1768836604,1768836604);
CREATE TABLE IF NOT EXISTS `users` (
	`id` text PRIMARY KEY NOT NULL,
	`discord_id` text NOT NULL,
	`mcid` text NOT NULL,
	`uuid` text NOT NULL,
	`display_name` text,
	`discord_avatar` text,
	`bio` text,
	`has_imported` integer DEFAULT false NOT NULL,
	`profile_visibility` text DEFAULT 'public' NOT NULL,
	`profile_pose` text DEFAULT 'waving',
	`location` text,
	`pronouns` text,
	`default_profile_tab` text DEFAULT 'keybindings',
	`featured_video_url` text,
	`main_edition` text,
	`main_platform` text,
	`role` text,
	`short_bio` text,
	`speedruncom_username` text,
	`speedruncom_id` text,
	`speedruncom_last_sync` integer,
	`hidden_speedrun_records` text,
	`profile_views` integer DEFAULT 0 NOT NULL,
	`last_active` integer,
	`created_at` integer NOT NULL,
	`updated_at` integer NOT NULL
);
INSERT INTO users VALUES('q5kktc9y6u1cy5t1f9w7iw7r','Zx5RuJr7lP4T81SNFhtkGPntB2U56f8M','bafv4','050d24ed-a5f1-4df5-bc08-01b9251d067d','ばふ','https://cdn.discordapp.com/avatars/702181519061549118/326181b74e8528814b19dfa2f7740864.png','One of the **Horkew** Lover',1,'public','walking','鳥取','he/him','keybindings',NULL,'java','pc_linux','runner','一匹狼','bafv4',NULL,NULL,NULL,0,NULL,1768806622,1768823436);
INSERT INTO users VALUES('tdff58o2xsaquvdu40fqbbm9','31DTSGBBlQAeFU2Fz9d8odUnhQ2RrvRw','Gon_mcsr','abfa366b-af39-4d1a-b635-8b91279a3d7e','Gon fox','https://cdn.discordapp.com/avatars/1135507050135302244/dddbc997562af678adeae37dc8a6d1aa.png',replace('じこべ\nRSG 11:28\nSSG 1:54\nRanked 8:40','\n',char(10)),1,'public','waving','福岡','he/him','stats','https://youtu.be/T0h0Qr-zkGs','java','pc_windows','runner','sub10目標‼️','GON_fox',NULL,NULL,'["zpo68dgm","z5wk8vdz","mkwq9vxm","yv7550ey","z5w4jgdz","me2qw68m","zngprv3m","y285qe6y"]',0,NULL,1768818115,1768821881);
INSERT INTO users VALUES('x9kgx3mc9sjeyedyn32htky4','JhcYJHJyrPMYE6FLNNoy8BUq1rgPi1Bm','Shirahaseee','355bdaa2-705d-4bb5-9ce8-1ee00ec5b09d','しらはせ','https://cdn.discordapp.com/avatars/1081859160678871080/8111cb7b808ca00e2d54ab280d419eb5.png',NULL,1,'public','waving','Hyogo','he/him','keybindings','https://youtu.be/qGGsnQo4TUM','java','pc_windows','runner',NULL,'Shirahaseee',NULL,NULL,NULL,0,NULL,1768818221,1768818506);
INSERT INTO users VALUES('x436wo1dxmk5o2rxcwblmbad','7epOBKNSOXYZGc2gTEAzPtLZaU3r6pL8','nalkun_','4293d71b-4d09-42ce-bcbb-06585350a488','nalkun_','https://cdn.discordapp.com/avatars/1131191977522761869/8e6cf905727cf624a5a31bee62c94746.png',NULL,1,'public','waving','大阪','he/him','keybindings','https://www.youtube.com/watch?v=kxFBVwPb5jk&t=630s','java','pc_windows','runner','sub13がしたいです','nalkun',NULL,NULL,NULL,0,NULL,1768818690,1768820437);
INSERT INTO users VALUES('bhq8datetxb7kk74tvjnyvxc','PmQCQqx79HFlyOOJpnkOQbjeopPhlXeM','dorayakiiiii','b9217dc2-5c44-4bf4-8193-4ff0f4807f11','dorayaki','https://cdn.discordapp.com/avatars/1274268679680426045/3231a0ae970b13fd77cfd2c8e6ccecb9.png',NULL,1,'public','waving',NULL,'he/him','stats','https://youtu.be/UTzy-gXmznk','java','pc_windows','runner','PCの寿命が近づいている','dorayaki_rta',NULL,NULL,NULL,0,NULL,1768819125,1768827424);
INSERT INTO users VALUES('q5oraqnc78vo0idzajgllpb9','TfdSljnDfUdGSvGytmKBLQfV5dLHreb2','ponkichi_1','be309cf6-9cca-4758-baab-5c0b88384060','ぽんきち','https://cdn.discordapp.com/embed/avatars/2.png',NULL,1,'public','waving',NULL,NULL,'keybindings',NULL,'java','pc_windows','runner',NULL,NULL,NULL,NULL,NULL,0,NULL,1768819492,1768821658);
INSERT INTO users VALUES('rpf8ds6y7gwm7cjolh98ojgp','iDRAOtCGWEsqyGBsQBSWHoo9OvtTMm9o','matchachachac','e1409b8d-4efd-4998-b7bb-7914694003ac','まっちゃ','https://cdn.discordapp.com/avatars/1193841212545830983/7ae6674fa177861e948b1cef2cd49367.png','RSG PB 13:53.533',0,'public','standing',NULL,NULL,'keybindings','https://www.youtube.com/watch?v=vs06h6x6ld8&t=29s','java','pc_windows','runner','ノートPC勢','matchachacha',NULL,NULL,NULL,0,NULL,1768820516,1768823658);
INSERT INTO users VALUES('uov46rhs9eew12vtxt6muilq','T4JvOVl6Eauqb5nSaHvgof1QhNqgZa0S','Atu_rtaaaaaaaaa','2867119a-a584-462d-9d78-3be904eb087a','あつ','https://cdn.discordapp.com/avatars/1338758928884043786/986b6e5304e70bb80a8996bc38dbfd10.png','あついRTA',1,'public','waving','秋田',NULL,'keybindings',NULL,NULL,'pc_windows','runner','ホットキーできない','atu_',NULL,NULL,NULL,0,NULL,1768822636,1768823008);
INSERT INTO users VALUES('dlmr15u5lmmz3e1uby1onmo4','zIDsPnkU5ECj7KwgYq6bRekgSJNUQ9Vp','mcrtabot','9fc5a4a6-7671-4ed0-aa88-2eb81eace0cb','親ニワトリ🐔','https://cdn.discordapp.com/avatars/926865299419045948/05794e60c5f44598700d7adf6c129261.png',replace('その昔のことじゃ。\nまだ世界が今よりも、ずっと角ばっておってのう……マインクラフトの世界には、不思議なニワトリがおった。\n\n今みたいに、ちっちゃいヒヨコが、ちょこまかして、「いかにもヒナです！」なんて姿をしておらん時代じゃ。\n\nそう……\n子どものニワトリも、見た目は立派なニワトリだったんじゃよ。\n\nちょっと小さいだけで、ほとんど変わらん。\n「どれが子どもで、どれが親か分からんのう」\nなどと、村人たちは首をかしげておったもんじゃ。\n\nだがな、よぉく見ると違いがあった。\n成長したニワトリは卵を産み、まだ若いニワトリは、ただ静かに時を待っておった。\n\nそこで、誰かがこう呼び始めたのじゃ。\n\n「このニワトリは、もう一人前じゃ。……親ニワトリじゃな」\n\nそうしていつしか、群れの中でどっしり構えるニワトリは自然と「親ニワトリ」と呼ばれるようになったんじゃよ。\n\n時は流れ、ヒナの見た目も変わり、昔の姿を知る者は少なくなってしまった。\n\nだがのう……あの頃を覚えておる者の心の中には、今でもちゃんとおるんじゃ。\n\n親ニワトリはな。\n昔も今も、世界のどこかで、変わらずコケコッコーと鳴いとるんじゃよ……。','\n',char(10)),1,'public','waving',NULL,NULL,'keybindings',NULL,'java','pc_mac','runner','1.16.1のPB 13:35のおっちゃん','mcrtabot',NULL,NULL,NULL,0,NULL,1768822820,1768823591);
INSERT INTO users VALUES('m7rwiysh0olayep1o7kp6fxj','eDjJxogwFnpKXZHuidaMKGOw1qMLJcpr','Foco_MCSR','57685b87-8b4d-4dd2-8df9-cf0148081a8c','フォコ','https://cdn.discordapp.com/avatars/1215184964077752321/09ecfb946b4f35cc34e48091afa0f80e.png','色んなの走ってる一般ピーポー。一応馬鈴薯的種のメンバー。ガキです。',1,'public','standing','福島','he/him','keybindings','https://youtu.be/-Pt3zS7QMTg?si=WBhNko-WolozM3u2','java','pc_windows',NULL,'RTAオタク','Foco_MCSR',NULL,NULL,NULL,0,NULL,1768824278,1768825485);
INSERT INTO users VALUES('pz9edfoiw9deii5kprg3ceul','pSih64olzkroTGDJMgnv9CiOBvHvraIG','Tsubaki8029','863542f2-c155-4589-930b-72671b92012c','ツバキ','https://cdn.discordapp.com/avatars/1225651763290570785/b00e652ef4876bd1e55ee5a4f59e67df.png','pb12:55ですsub10したいです',0,'public','waving','京都','he/him','keybindings','https://youtu.be/SzfFOZvaP0o?si=N6CLnUcRRgqLpFeo','java','pc_windows','runner','馬鈴薯的種リーダー','Tsubaki8029',NULL,NULL,NULL,0,NULL,1768832168,1768832595);
INSERT INTO users VALUES('nnme6jt35irtjgtrclef7pit','JIxl0z5BhORRT369b1RgmDtGoXCcbNpX','SamonMCSR','a731c9fa-43e0-4b24-90ad-15f216b8d2b8','さぁもん','https://cdn.discordapp.com/avatars/921013361611784214/9f84904368c5bd7b4adb8a04a813a3b0.png','エンドラRTA軍団 裏方メンバー',1,'public','waving','福岡',NULL,'stats','https://www.youtube.com/watch?v=c-ra0AKPDKs','java','pc_windows','runner','フルネザライト世界2位','SamonRTA',NULL,NULL,NULL,0,NULL,1768835709,1768836610);
INSERT INTO users VALUES('omjsgv6srjjg8memg6kt4eie','2k2RzWd7fF4CsxlnVTbbiDtl3Dp8KuaB','akairo1861','550d8789-88ad-4ffa-b21a-c631fe76e04d','あかいろ','https://cdn.discordapp.com/avatars/860719559606927400/6f3312a6fd54460490f4f4673adf6aca.png','ポータルとグランドゼロとサーチの人ですね',1,'public','waving',NULL,'he/him','keybindings','https://youtu.be/BDchGhXK8Os','java','pc_windows','runner','sub10runner','Akairo',NULL,NULL,NULL,0,NULL,1768912393,1768912645);
CREATE UNIQUE INDEX `auth_sessions_token_unique` ON `auth_sessions` (`token`);
CREATE UNIQUE INDEX `auth_users_email_unique` ON `auth_users` (`email`);
CREATE UNIQUE INDEX `idx_category_records_user_category_type` ON `category_records` (`user_id`,`category`,`record_type`);
CREATE INDEX `idx_category_records_user_id` ON `category_records` (`user_id`);
CREATE INDEX `idx_category_records_category` ON `category_records` (`category`);
CREATE INDEX `idx_category_records_type` ON `category_records` (`record_type`);
CREATE INDEX `idx_config_history_user_id` ON `config_history` (`user_id`);
CREATE INDEX `idx_config_history_created_at` ON `config_history` (`created_at`);
CREATE INDEX `idx_config_history_change_type` ON `config_history` (`change_type`);
CREATE INDEX `idx_config_presets_user_id` ON `config_presets` (`user_id`);
CREATE INDEX `idx_config_presets_is_active` ON `config_presets` (`is_active`);
CREATE UNIQUE INDEX `idx_custom_keys_user_keycode` ON `custom_keys` (`user_id`,`key_code`);
CREATE UNIQUE INDEX `idx_external_stats_user_service` ON `external_stats` (`user_id`,`service`);
CREATE INDEX `idx_external_stats_user_id` ON `external_stats` (`user_id`);
CREATE INDEX `idx_external_stats_service` ON `external_stats` (`service`);
CREATE UNIQUE INDEX `idx_external_tools_user_trigger_tool` ON `external_tools` (`user_id`,`trigger_key`,`tool_name`);
CREATE UNIQUE INDEX `idx_favorites_user_mcid` ON `favorites` (`user_id`,`favorite_mcid`);
CREATE INDEX `idx_favorites_user_id` ON `favorites` (`user_id`);
CREATE UNIQUE INDEX `idx_item_layouts_user_segment` ON `item_layouts` (`user_id`,`segment`);
CREATE UNIQUE INDEX `idx_key_remaps_user_source` ON `key_remaps` (`user_id`,`source_key`);
CREATE UNIQUE INDEX `idx_keybindings_user_action` ON `keybindings` (`user_id`,`action`);
CREATE INDEX `idx_keybindings_user_id` ON `keybindings` (`user_id`);
CREATE INDEX `idx_keybindings_category` ON `keybindings` (`category`);
CREATE UNIQUE INDEX `player_configs_user_id_unique` ON `player_configs` (`user_id`);
CREATE UNIQUE INDEX `idx_search_crafts_user_sequence` ON `search_crafts` (`user_id`,`sequence`);
CREATE INDEX `idx_social_links_user_id` ON `social_links` (`user_id`);
CREATE INDEX `idx_social_links_platform` ON `social_links` (`platform`);
CREATE UNIQUE INDEX `users_discord_id_unique` ON `users` (`discord_id`);
CREATE UNIQUE INDEX `users_mcid_unique` ON `users` (`mcid`);
CREATE UNIQUE INDEX `users_uuid_unique` ON `users` (`uuid`);
CREATE INDEX `idx_users_discord_id` ON `users` (`discord_id`);
CREATE INDEX `idx_users_mcid` ON `users` (`mcid`);
CREATE INDEX `idx_users_uuid` ON `users` (`uuid`);
CREATE INDEX `idx_users_speedruncom_id` ON `users` (`speedruncom_id`);
COMMIT;
